id,status,target_surface,app_category,app_subcategory,title,price_text,price_value,currency,city,country,seller,phone,description,image_urls,source_site,source_url,scraped_at,make,model,trim,year,condition,transmission,color,mileage_km,attributes
jacars-2504354,pending,vehicles,vehicles,cars,"BMW 5-Series 2,0L 2014","JA$ 2,000,000 JA$ 2,400,000",20000002400000,JMD,Kingston,Jamaica,JACars Vehicles,,"BMW 5-Series 2,0L 2014 - JA$ 2,000,000 JA$ 2,400,000 - Kingston - 4 days ago",https://cdn2.jacars.net/media/cache/61/05/6105b902e369228578759915b68eeb5b.webp|https://cdn2.jacars.net/media/cache/6f/02/6f0283e6d97cf0010f153c28022c9aeb.webp|https://cdn2.jacars.net/media/cache/b1/25/b12583a27e0a16d04542ce6a819c9798.webp|https://cdn2.jacars.net/media/cache/1c/d1/1cd1ea3eeb8861bc448ca8813e0e9df0.webp|https://cdn2.jacars.net/media/cache/56/b3/56b3bc10d5c08084013fde8c38ceac12.webp|https://cdn2.jacars.net/media/cache/d8/2e/d82e6cb6dfa64b5936b933fcdbf8455f.webp|https://cdn2.jacars.net/media/cache/4e/f9/4ef9b2b60082b53d38da76eb12a9eda2.webp|https://cdn2.jacars.net/media/cache/22/6a/226af2df4f41ad33a49fa164849cecd4.webp|https://cdn2.jacars.net/media/cache/ec/6b/ec6bcdd6864bea344bd945ca0ef7f8a6.webp|https://cdn2.jacars.net/media/cache/f7/a6/f7a6e9d6175b9927f668b33d99d0f128.webp,JACars Vehicles,/adv/2504354_bmw-5-series-2-0l-2005/,2026-05-05T19:59:25.497Z,BMW,5-Series,,2014,used,,,,"{""sourceDate"":""4 days ago"",""parser"":""jacars""}"
jacars-2510430,pending,vehicles,vehicles,cars,"Nissan Sylphy 1,6L 2017","JA$ 1,400,000",1400000,JMD,Saint Catherine,Jamaica,JACars Vehicles,,"Nissan Sylphy 1,6L 2017 - JA$ 1,400,000 - Saint Catherine - 4 days ago",https://cdn2.jacars.net/media/cache/5b/23/5b2300fc993b6370640c23755ec2e3bb.webp|https://cdn2.jacars.net/media/cache/55/1f/551f61b422ddb0c969d7c2e84633fe30.webp|https://cdn2.jacars.net/media/cache/b7/e8/b7e877fb25c753024c856ce5fff86e3a.webp|https://cdn2.jacars.net/media/cache/6f/93/6f93399db2704742b6456fbfe15d8bde.webp|https://cdn2.jacars.net/media/cache/7f/60/7f6029ce0ab6ec2fd27fc9fe313efc57.webp|https://cdn2.jacars.net/media/cache/e1/56/e156e9b0038ea57f85443e6eb3e3e354.webp|https://cdn2.jacars.net/media/cache/99/6e/996edadfcf2e6b8f9103d7484f5da308.webp|https://cdn2.jacars.net/media/cache/d2/79/d279c97ac441666647fab8f9c38bad81.webp|{{info.first_thumb}}|{{#if image}}{{image}}{{else}}/static/images/photoapparat-big.png{{/if}}|{{ imageMessage }}|/static/images/fb/jacars.png|https://www.jacars.net/static/images/store/eng_google.8aed8df6c4e8.png|https://www.jacars.net/static/images/store/eng_apple.0e573801ed66.png|https://www.jacars.net/static/images/tooltip/example_desktop.81650013a6bc.png|https://www.jacars.net/static/images/emongolia/emongolia-logo2.bd8513fb5def.svg|https://www.jacars.net/static/images/emongolia/icons/verified.3435614b120e.svg|https://www.jacars.net/static/images/emongolia/icons/calendar.4075a6c40bcf.svg|https://www.jacars.net/static/images/emongolia/icons/thumb.b516a2be2989.svg|{{support.manager.thumb}},JACars Vehicles,/adv/2510430_nissan-sylphy-1-6l-2017/,2026-05-05T19:59:25.497Z,Nissan,Sylphy,,2017,used,,,,"{""sourceDate"":""4 days ago"",""parser"":""jacars""}"
jacars-2510622,pending,vehicles,vehicles,cars,"Toyota Noah 2,0L 2016","JA$ 2,780,000",2780000,JMD,Saint Catherine,Jamaica,JACars Vehicles,,"Toyota Noah 2,0L 2016 - JA$ 2,780,000 - Saint Catherine - 4 days ago",https://cdn2.jacars.net/media/cache/4f/cd/4fcd92937ab519c60e698efbca2c09a9.webp|https://cdn2.jacars.net/media/cache/10/bf/10bf66a5e79f88b77e280711326dcc84.webp|https://cdn2.jacars.net/media/cache/16/a6/16a6a14bcb4ddb1ebc3d2934f4ba0a20.webp|https://cdn2.jacars.net/media/cache/19/54/19548c477a2c0bfd701dffa63570b6eb.webp|https://cdn2.jacars.net/media/cache/4d/0d/4d0de40e1f8136c1fdf98e702375e957.webp|https://cdn2.jacars.net/media/cache/fe/3a/fe3abd86c058982b2bd4c8600cbe5ba1.webp|https://cdn2.jacars.net/media/cache/d0/e5/d0e55c36cdade3a0f01b89b9a6244560.webp|https://cdn2.jacars.net/media/cache/05/a3/05a3069adda4feed5252be605bdf1aa2.webp|https://cdn2.jacars.net/media/cache/7a/32/7a32e2aaf48e9e970cfb092dfbccc9ca.webp|https://cdn2.jacars.net/media/cache/e0/b5/e0b518af19ec776b15e762f1c6c21e0f.webp|https://cdn2.jacars.net/media/cache/39/1d/391d5ff6f83455452060bf3a5c377790.webp|https://cdn2.jacars.net/media/cache/dc/83/dc83ee2f5717fce3c84e6734c0c9c929.webp,JACars Vehicles,/adv/2510622_toyota-noah-2-0l-2016/,2026-05-05T19:59:25.496Z,Toyota,Noah,,2016,used,,,,"{""sourceDate"":""4 days ago"",""parser"":""jacars""}"
jacars-2510631,pending,vehicles,vehicles,cars,"Honda Civic 1,5L 2016","JA$ 2,000,000",2000000,JMD,Kingston,Jamaica,JACars Vehicles,,"Honda Civic 1,5L 2016 - JA$ 2,000,000 - Kingston - 4 days ago",https://cdn2.jacars.net/media/cache/b4/a9/b4a9b7be9d47ef7cbbba9ecdf78de2db.webp|https://cdn2.jacars.net/media/cache/0b/e5/0be5b2acd91c8eb4196d5f7bee5b260d.webp|https://cdn2.jacars.net/media/cache/9b/2f/9b2fd4a4e1d8af4e54b9ec32f99df4f8.webp|https://cdn2.jacars.net/media/cache/78/fd/78fd12b1bb415d4986173d857f2dab59.webp|https://cdn2.jacars.net/media/cache/53/3b/533b15627f64cf96478d8c8cc4beb68f.webp|https://cdn2.jacars.net/media/cache/11/e8/11e878da88fabeac9497c271efbf7282.webp|https://cdn2.jacars.net/media/cache/f3/bb/f3bb57d5416d9d489829aef4d26565a0.webp,JACars Vehicles,/adv/2510631_honda-civic-1-5l-2016/,2026-05-05T19:59:25.495Z,Honda,Civic,,2016,used,,,,"{""sourceDate"":""4 days ago"",""parser"":""jacars""}"
jacars-2507918,pending,vehicles,vehicles,cars,"Mercedes-Benz GLE-Class 3,0L 2016","JA$ 5,780,000",5780000,JMD,Kingston,Jamaica,Andre,,"Mercedes-Benz GLE-Class 3,0L 2016 - JA$ 5,780,000 - Kingston - 4 days ago",https://cdn2.jacars.net/media/cache/18/91/1891abf961794586cfbdbfc5dfc0a9a1.webp|https://cdn2.jacars.net/media/cache/0d/ae/0dae8f93f726b85efbe602755c529ef4.webp|https://cdn2.jacars.net/media/cache/d8/62/d86256aa0b15446caf4e2a6a8b68e111.webp|https://cdn2.jacars.net/media/cache/c0/52/c052936bf6b61dfd8f630cdc0ef6c4c6.webp|https://cdn2.jacars.net/media/cache/f7/dc/f7dc3505f8db2c9aec5889b348569b6a.webp|https://cdn2.jacars.net/media/cache/fa/ff/faffe0e3f8c79383555c1849b1795b24.webp|https://cdn2.jacars.net/media/cache/39/26/39260325b3047d0abca0ffe1f4a9f653.webp|https://cdn2.jacars.net/media/cache/bf/cf/bfcff82c66ec05158f6aba07193246c9.webp|https://cdn2.jacars.net/media/cache/48/1c/481c8bd6f5dd3006af9abbae1f725ac6.webp|https://cdn2.jacars.net/media/cache/12/d2/12d222d4980038c8c3f9da058f1a70e3.webp|https://cdn2.jacars.net/media/cache/c0/47/c047c55da8c00de0395fe6a4e801f0cf.webp|https://cdn2.jacars.net/media/cache/60/78/60781f39448ea89bb9aa7ba0d91795bf.webp|https://cdn2.jacars.net/media/cache/ef/ca/efca3f6e8367d4e72fa23d9e73728174.webp|https://cdn2.jacars.net/media/cache/b7/8c/b78c4c237f6af2307e104080117db36b.webp|https://cdn2.jacars.net/media/cache/1d/ee/1dee4c7c773cf0ad9b4a6ae5019eabf7.webp|https://cdn2.jacars.net/media/cache/e5/e4/e5e42ab633ce27cd5db3744f851f35d8.webp,JACars Vehicles,/adv/2507918_mercedes-benz-gle-class-3-0l-2016/,2026-05-05T19:59:25.495Z,Mercedes-Benz,GLE-Class,,2016,used,,,,"{""sourceDate"":""4 days ago"",""parser"":""jacars""}"
jacars-2510670,pending,vehicles,vehicles,cars,"Toyota Mark X 2,5L 2015","JA$ 2,300,000",2300000,JMD,Saint Catherine,Jamaica,JACars Vehicles,,"Toyota Mark X 2,5L 2015 - JA$ 2,300,000 - Saint Catherine - 3 days ago",https://cdn2.jacars.net/media/cache/04/e8/04e8897e2a53f033cb12594958b81713.webp|https://cdn2.jacars.net/media/cache/94/75/94758556155fd68c94412459a09517ec.webp|https://cdn2.jacars.net/media/cache/97/e4/97e41700747597c8e1cae1414aa62da1.webp|https://cdn2.jacars.net/media/cache/db/84/db846827e1e6d06f303e1e914e07cb3b.webp|https://cdn2.jacars.net/media/cache/1e/6d/1e6dc7b993bdbab95cd6654bb055a3e7.webp,JACars Vehicles,/adv/2510670_toyota-mark-x-2-5l-2015/,2026-05-05T19:59:25.494Z,Toyota,Mark X,,2015,used,,,,"{""sourceDate"":""3 days ago"",""parser"":""jacars""}"
jacars-2507093,pending,vehicles,vehicles,cars,"KIA Seltos 1,5L 2024","JA$ 4,890,000",4890000,JMD,Kingston,Jamaica,Andre,,"KIA Seltos 1,5L 2024 - JA$ 4,890,000 - Kingston - 3 days ago",https://cdn2.jacars.net/media/cache/71/3c/713c3b4bc19c6d13315f74cd9fca86ea.webp|https://cdn2.jacars.net/media/cache/ae/69/ae69502ca1b52ce77170bd2bbba3db27.webp|https://cdn2.jacars.net/media/cache/86/3f/863f252e9bd3c07724f0959782b44fe8.webp|https://cdn2.jacars.net/media/cache/b9/1c/b91cbc65678436a60051630a02e830d0.webp|https://cdn2.jacars.net/media/cache/34/a0/34a0f2ea83226ce6734f8e3a31934831.webp|https://cdn2.jacars.net/media/cache/b8/88/b88814a0749c2f15f0ade53b1f35db5c.webp|https://cdn2.jacars.net/media/cache/73/1b/731be361802283601691c646df7e6022.webp|https://cdn2.jacars.net/media/cache/72/80/7280055157369c0edcf54f4c44d30c72.webp|https://cdn2.jacars.net/media/cache/75/e0/75e0e1c6e277e4706255c6f2dd3ff1e9.webp|https://cdn2.jacars.net/media/cache/17/b2/17b20c600e56b80ca9e1520a6740d5b5.webp|https://cdn2.jacars.net/media/cache/d9/a7/d9a7fc5756c80a2becdb358609c61b55.webp|https://cdn2.jacars.net/media/cache/db/0b/db0bac13ed20fb12f515ea0859224947.webp|https://cdn2.jacars.net/media/cache/95/9b/959b0695f83ec9a53bf230075e8f5828.webp|https://cdn2.jacars.net/media/cache/68/31/6831ed2bbd4cf422db81be4a0060cb39.webp,JACars Vehicles,/adv/2507093_kia-seltos-2-0l-2024/,2026-05-05T19:59:25.494Z,KIA,Seltos,,2024,used,,,,"{""sourceDate"":""3 days ago"",""parser"":""jacars""}"
jacars-2508967,pending,vehicles,vehicles,cars,"Toyota Voxy 2,0L 2020","JA$ 3,899,000",3899000,JMD,Saint James,Jamaica,Gates Auto,,"Toyota Voxy 2,0L 2020 - JA$ 3,899,000 - Saint James - 3 days ago",https://cdn2.jacars.net/media/cache/95/2e/952e5e63e2c638f0cc025c662802ffdc.webp|https://cdn2.jacars.net/media/cache/b6/93/b6939458944fbb593a4fb027bf124f04.webp|https://cdn2.jacars.net/media/cache/05/69/0569a77e16be3ff8621ed3ccc30d86fc.webp|https://cdn2.jacars.net/media/cache/05/88/0588768ea8286a99db114a86f9e3b020.webp|https://cdn2.jacars.net/media/cache/8c/14/8c14076a183490eb23e8dbeeb1aeab77.webp|https://cdn2.jacars.net/media/cache/11/11/11113546926824a137c0abd221a1e2fb.webp|https://cdn2.jacars.net/media/cache/d6/6a/d66ad41a726a3c9e7c393c5a59e15165.webp|https://cdn2.jacars.net/media/cache/60/ed/60ed6d670088aaed2ec0ad0071dc6acf.webp|https://cdn2.jacars.net/media/cache/62/4c/624c74a964ed7c0f474f423aaab884fb.webp|https://cdn2.jacars.net/media/cache/a4/37/a4371f82566487b12fff6178d6ff72c6.webp,JACars Vehicles,/adv/2508967_toyota-voxy-2-0l-2020/,2026-05-05T19:59:25.494Z,Toyota,Voxy,,2020,used,,,,"{""sourceDate"":""3 days ago"",""parser"":""jacars""}"
jacars-2510155,pending,vehicles,vehicles,cars,"Toyota RAV4 2,5L 2015","JA$ 2,500,000",2500000,JMD,Saint Ann,Jamaica,JACars Vehicles,,"Toyota RAV4 2,5L 2015 - JA$ 2,500,000 - Saint Ann - 4 days ago",https://cdn2.jacars.net/media/cache/41/be/41be67fdb670f97c9d8b2b45de4b6a22.webp|https://cdn2.jacars.net/media/cache/c3/99/c3996a37f2bdfdf53551c7eb78c5197a.webp|https://cdn2.jacars.net/media/cache/c0/1f/c01f72e916fac8cf164b0cea4ab35d6b.webp|https://cdn2.jacars.net/media/cache/ee/31/ee3156ab488dfdb8d93549129fb63a3a.webp,JACars Vehicles,/adv/2510155_toyota-rav4-2-5l-2015/,2026-05-05T19:59:25.494Z,Toyota,RAV4,,2015,used,,,,"{""sourceDate"":""4 days ago"",""parser"":""jacars""}"
jacars-2510634,pending,vehicles,vehicles,cars,"Toyota Paseo 3,0L 2024","JA$ 17,000,000",17000000,JMD,Kingston,Jamaica,Latoya,,"Toyota Paseo 3,0L 2024 - JA$ 17,000,000 - Kingston - 4 days ago",https://cdn2.jacars.net/media/cache/16/65/16650df783287bb6a39a6baaca487d5a.webp|https://cdn2.jacars.net/media/cache/1a/f7/1af72440cac5ffcddbe4ebd004cf589d.webp|https://cdn2.jacars.net/media/cache/b1/1a/b11a01c6b4db2c9d6be6af5d0f46ffaa.webp|https://cdn2.jacars.net/media/cache/9e/d7/9ed7e3c979703170206364b568001850.webp|https://cdn2.jacars.net/media/cache/f7/da/f7da36efc979a1683c0ec86b65440758.webp|https://cdn2.jacars.net/media/cache/5d/be/5dbe7ab95a17dde7af5b30382b61b129.webp|https://cdn2.jacars.net/media/cache/6c/b0/6cb05169e781bea3417122873f30562b.webp|https://cdn2.jacars.net/media/cache/a6/72/a67267eb5c8a9f7428e39700282aea5b.webp|https://cdn2.jacars.net/media/cache/f8/7d/f87d5c957b469e03f7f8537c5cb8dbe0.webp,JACars Vehicles,/adv/2510634_toyota-paseo-3-0l-2024/,2026-05-05T19:59:25.494Z,Toyota,Paseo,,2024,used,,,,"{""sourceDate"":""4 days ago"",""parser"":""jacars""}"
jacars-2505834,pending,vehicles,vehicles,cars,"Honda Stepwgn Spada 2,0L 2018","JA$ 3,350,000",3350000,JMD,Saint Andrew,Jamaica,Andre,,"Honda Stepwgn Spada 2,0L 2018 - JA$ 3,350,000 - Saint Andrew - 3 days ago",https://cdn2.jacars.net/media/cache/c2/74/c274ffda2d1b6ffdb200aef9a3d51950.webp|https://cdn2.jacars.net/media/cache/75/60/75601afcaf86662a7d9af2b8cb539a2a.webp|https://cdn2.jacars.net/media/cache/e7/cb/e7cb0d70df5949cda3b31958bbdc824e.webp|https://cdn2.jacars.net/media/cache/9b/d3/9bd3094dd705555a8ae3d54ca484df73.webp|https://cdn2.jacars.net/media/cache/07/11/0711ecfa1dd21cda0dd76ee0902c733f.webp|https://cdn2.jacars.net/media/cache/86/de/86de738afa8fa3e1b5082dd7a697ed29.webp|https://cdn2.jacars.net/media/cache/de/4d/de4d93b61948268131ea163206d79077.webp|https://cdn2.jacars.net/media/cache/b9/9c/b99c6f5e981cd95496edd96349898836.webp|https://cdn2.jacars.net/media/cache/d9/05/d90555f5fda148b843c565adbfecdfc3.webp|https://cdn2.jacars.net/media/cache/b8/1c/b81c34394f0eab7b94df48daf80e19d3.webp,JACars Vehicles,/adv/2505834_honda-stepwgn-spada-2-0l-2018/,2026-05-05T19:59:25.493Z,Honda,Stepwgn Spada,,2018,used,,,,"{""sourceDate"":""3 days ago"",""parser"":""jacars""}"
jacars-2510715,pending,vehicles,vehicles,cars,"Hyundai Tucson 2,0L 2013","JA$ 1,200,000",1200000,JMD,Kingston,Jamaica,JACars Vehicles,,"Hyundai Tucson 2,0L 2013 - JA$ 1,200,000 - Kingston - 3 days ago",https://cdn2.jacars.net/media/cache/60/13/6013e094c2d0f3dbb29c18e91f7a8175.webp|https://cdn2.jacars.net/media/cache/ef/27/ef27a8aafd9bb3d53c30028e3ce26fc7.webp|https://cdn2.jacars.net/media/cache/21/2b/212b32bc51439f39eab231a1b512be8f.webp|https://cdn2.jacars.net/media/cache/11/af/11af44bd05d322df8b215ad5a42ba515.webp|https://cdn2.jacars.net/media/cache/51/23/51231899d9ff11ab38ce2556ff627006.webp|https://cdn2.jacars.net/media/cache/d3/88/d38800b2e458b07212ed164b5c2c7adc.webp|https://cdn2.jacars.net/media/cache/93/aa/93aaccb43099281bb1901a4e33820fe1.webp|https://cdn2.jacars.net/media/cache/8e/a0/8ea020938df0c48b3b3da0dbf4f56fb0.webp,JACars Vehicles,/adv/2510715_hyundai-tucson-2-0l-2013/,2026-05-05T19:59:25.493Z,Hyundai,Tucson,,2013,used,,,,"{""sourceDate"":""3 days ago"",""parser"":""jacars""}"
jacars-2510714,pending,vehicles,vehicles,cars,"Subaru Impreza 1,6L 2017","JA$ 1,090,000",1090000,JMD,Kingston,Jamaica,MOTORSOURCE,,"Subaru Impreza 1,6L 2017 - JA$ 1,090,000 - Kingston - 3 days ago",https://cdn2.jacars.net/media/cache/8d/a9/8da937e4bcfd53884d0d35f8a57b0362.webp|https://cdn2.jacars.net/media/cache/50/aa/50aae67efe0f7ca0722a8c1d9bf7797f.webp|https://cdn2.jacars.net/media/cache/dc/20/dc2083a9deba1acca64ebbfa9f782974.webp|https://cdn2.jacars.net/media/cache/1f/47/1f47f4845b72d216e9b37c57aa0b9621.webp|https://cdn2.jacars.net/media/cache/12/28/12287fcfd8e28aafc29dd5ddd036a0f6.webp|https://cdn2.jacars.net/media/cache/69/2f/692f5ce94de10550a3a2152abf02bc28.webp|https://cdn2.jacars.net/media/cache/ba/6f/ba6faf0326d160d86e81e9903a81c759.webp,JACars Vehicles,/adv/2510714_subaru-impreza-1-6l-2017/,2026-05-05T19:59:25.493Z,Subaru,Impreza,,2017,used,,,,"{""sourceDate"":""3 days ago"",""parser"":""jacars""}"
jacars-2510613,pending,vehicles,vehicles,cars,"BMW 4-Series 2,0L 2018","JA$ 3,500,000",3500000,JMD,Kingston,Jamaica,JACars Vehicles,,"BMW 4-Series 2,0L 2018 - JA$ 3,500,000 - Kingston - 3 days ago",https://cdn2.jacars.net/media/cache/8d/4f/8d4f5e128d3cf9fa17d4d07e99bba9ec.webp|https://cdn2.jacars.net/media/cache/d4/19/d419029105ca423d7eda6c9cc31684b9.webp|https://cdn2.jacars.net/media/cache/37/63/3763c6a8e748cc25f6b1fff47334bba1.webp|https://cdn2.jacars.net/media/cache/5a/de/5aded7b6c132930cbb91ea779eee0a8d.webp|https://cdn2.jacars.net/media/cache/27/88/27880dc2c88bb24120bb941351f10598.webp|https://cdn2.jacars.net/media/cache/b9/56/b956f5758d74483e59ce44c9870c46bc.webp|https://cdn2.jacars.net/media/cache/d2/eb/d2eb147b9215348f79cfd5ead32675a7.webp,JACars Vehicles,/adv/2510613_bmw-4-series-2-0l-2018/,2026-05-05T19:59:25.493Z,BMW,4-Series,,2018,used,,,,"{""sourceDate"":""3 days ago"",""parser"":""jacars""}"
jacars-2504118,pending,vehicles,vehicles,cars,"Toyota Noah 2,0L 2019",Call for price,0,JMD,Saint Ann,Jamaica,Steel Wheel Auto Limited,,"Toyota Noah 2,0L 2019 - Call for price - Saint Ann - 3 days ago",https://cdn2.jacars.net/media/cache/cb/f0/cbf06382673bf22d8c86afea74693f1b.webp|https://cdn2.jacars.net/media/cache/bd/63/bd63295cbd01b422edf14b0a574d7e48.webp|https://cdn2.jacars.net/media/cache/90/0a/900a0dcf7d61a932c1a13dcd5d06c09d.webp|https://cdn2.jacars.net/media/cache/f6/bb/f6bb299bdcc8dec8a7258cfda00daeb3.webp|https://cdn2.jacars.net/media/cache/b4/9b/b49b7d4598026c3cabab2cc51ebe6150.webp|https://cdn2.jacars.net/media/cache/7e/2f/7e2f3c330c2c8861006b0b7fe10a8116.webp|https://cdn2.jacars.net/media/cache/1e/3a/1e3ae97bece833a687018ded59d1534e.webp|https://cdn2.jacars.net/media/cache/48/b4/48b488bfced279e94eb888750facca8e.webp|https://cdn2.jacars.net/media/cache/57/f1/57f143be321147eddd8da84dee75fcf2.webp,JACars Vehicles,/adv/2504118_toyota-noah-2-0l-2019/,2026-05-05T19:59:25.493Z,Toyota,Noah,,2019,used,,,,"{""sourceDate"":""3 days ago"",""parser"":""jacars""}"
jacars-2510738,pending,vehicles,vehicles,cars,"Honda Vezel 1,5L 2015","JA$ 1,780,000",1780000,JMD,Kingston,Jamaica,Morris & Wright Auto Ltd,,"Honda Vezel 1,5L 2015 - JA$ 1,780,000 - Kingston - 2 days ago",https://cdn2.jacars.net/media/cache/50/8f/508f07cc32ea7060400379c4cbc6635d.webp|https://cdn2.jacars.net/media/cache/eb/66/eb66376a0698dd1dc4710cbda71dce9f.webp|https://cdn2.jacars.net/media/cache/2c/7e/2c7e505d185a25fa7705e9ec348ae736.webp|https://cdn2.jacars.net/media/cache/df/9d/df9d8b564144eabecd97855a06494742.webp|https://cdn2.jacars.net/media/cache/44/92/4492411be8c863dfcc5961d46c86a062.webp|https://cdn2.jacars.net/media/cache/ec/b8/ecb8c6154faee84aa9126dbac102f8ef.webp|https://cdn2.jacars.net/media/cache/36/b7/36b79ab06a75a69c4396088be2bcba48.webp|https://cdn2.jacars.net/media/cache/6a/4b/6a4b97adfd395963d083fff1f1f7315c.webp|https://cdn2.jacars.net/media/cache/e9/51/e951c12e278e5f3dd1e5e40c84fb4f85.webp|https://cdn2.jacars.net/media/cache/3e/26/3e2667518ba966f2adbab566098b9748.webp,JACars Vehicles,/adv/2510738_honda-vezel-1-5l-2015/,2026-05-05T19:59:25.492Z,Honda,Vezel,,2015,used,,,,"{""sourceDate"":""2 days ago"",""parser"":""jacars""}"
jacars-2503524,pending,vehicles,vehicles,cars,"BMW X4 3,0L 2019","JA$ 10,800,000 JA$ 11,450,000",1080000011450000,JMD,Saint Ann,Jamaica,JACars Vehicles,,"BMW X4 3,0L 2019 - JA$ 10,800,000 JA$ 11,450,000 - Saint Ann - 2 days ago",https://cdn2.jacars.net/media/cache/d7/7b/d77bd85778ad521faad3a3fde0a60cd2.webp|https://cdn2.jacars.net/media/cache/bf/5b/bf5b6bfe2c27748968b3cec95c95dbba.webp|https://cdn2.jacars.net/media/cache/b8/7d/b87d1b21a58d4d12533b862288007bb0.webp|https://cdn2.jacars.net/media/cache/db/f8/dbf802df63d207183e99f5d3a843dc7f.webp|https://cdn2.jacars.net/media/cache/df/db/dfdbec981926567135a521b6fc706256.webp|https://cdn2.jacars.net/media/cache/b3/4a/b34a60b6c2ba22a1621ec50e16d8bc0e.webp|https://cdn2.jacars.net/media/cache/c1/cc/c1cc6f0067257fd59192400384f22ccd.webp|https://cdn2.jacars.net/media/cache/e5/04/e5046545c1f8ed087bfba8a6a863b897.webp|https://cdn2.jacars.net/media/cache/01/b9/01b9a663cb146d5742d297191e41e238.webp|https://cdn2.jacars.net/media/cache/68/61/686176f95aebb8390a7359cde10c7ba3.webp|https://cdn2.jacars.net/media/cache/7f/94/7f9418089d729442a56dceb51e756da6.webp|https://cdn2.jacars.net/media/cache/35/a1/35a1bf4901b515748fbc91044da2079e.webp,JACars Vehicles,/adv/2503524_bmw-x4-3-0l-2019/,2026-05-05T19:59:25.492Z,BMW,X4,,2019,used,,,,"{""sourceDate"":""2 days ago"",""parser"":""jacars""}"
jacars-2509108,pending,vehicles,vehicles,cars,"Toyota Crown Athlete 2,5L 2016","JA$ 3,300,000",3300000,JMD,Saint Elizabeth,Jamaica,Swabys Auto Sales & Import,,"Toyota Crown Athlete 2,5L 2016 - JA$ 3,300,000 - Saint Elizabeth - 3 days ago",https://cdn2.jacars.net/media/cache/72/47/72470e069def5416e30264171983407d.webp|https://cdn2.jacars.net/media/cache/0f/17/0f175a7549ce75c6ac5717402874a332.webp|https://cdn2.jacars.net/media/cache/40/1f/401f93d7d281fe6b0f9f3034c972441f.webp|https://cdn2.jacars.net/media/cache/95/27/9527bb5e2b05af74941d7a02fef87e48.webp|https://cdn2.jacars.net/media/cache/c5/29/c52944eb2c6143243b623a79f4182f4e.webp|https://cdn2.jacars.net/media/cache/b6/ee/b6eea4e1e8bb39603b65d150ed95c0f2.webp|https://cdn2.jacars.net/media/cache/47/cd/47cdb5710f723800eab290cce3b262e0.webp|https://cdn2.jacars.net/media/cache/e7/cc/e7cc7b21d974df1a6000220bfd1fd33c.webp|https://cdn2.jacars.net/media/cache/62/fb/62fbaf1b15d98686976204a3de7c0ccb.webp|https://cdn2.jacars.net/media/cache/85/78/857890a533ca26f6228a529619367524.webp|https://cdn2.jacars.net/media/cache/f8/8e/f88e09ebbe5b4ad7930531f7a2b40722.webp|https://cdn2.jacars.net/media/cache/37/09/3709b6cf92728fd8a00105501f32ecb4.webp|https://cdn2.jacars.net/media/cache/c7/ff/c7ffd88d45e404eac73697e27367b694.webp|https://cdn2.jacars.net/media/cache/f0/70/f0700d7e5d5e2bfa3ebcd364ca703a33.webp,JACars Vehicles,/adv/2509108_toyota-crown-athlete-2-5l-2016/,2026-05-05T19:59:25.492Z,Toyota,Crown Athlete,,2016,used,,,,"{""sourceDate"":""3 days ago"",""parser"":""jacars""}"
jacars-2499647,pending,vehicles,vehicles,cars,"Hyundai Palisade 2,2L 2022","JA$ 7,900,000 JA$ 9,000,000",79000009000000,JMD,Saint Ann,Jamaica,JACars Vehicles,,"Hyundai Palisade 2,2L 2022 - JA$ 7,900,000 JA$ 9,000,000 - Saint Ann - 2 days ago",https://cdn2.jacars.net/media/cache/1e/c8/1ec8bea063f1c7ffbc4dabd25b49d358.webp|https://cdn2.jacars.net/media/cache/65/74/6574645db7404e06114ecddb27e9970e.webp|https://cdn2.jacars.net/media/cache/46/e6/46e6719495ef2286593fe978549e7eea.webp|https://cdn2.jacars.net/media/cache/77/67/7767a7f27d8d5e07249a0fed12acf21d.webp|https://cdn2.jacars.net/media/cache/fe/98/fe9800e1f303758746040ef2c818cd00.webp|https://cdn2.jacars.net/media/cache/a9/72/a9722fe685faef4b1e772d5ca9208a9d.webp|https://cdn2.jacars.net/media/cache/2b/6c/2b6c0e721ada905cd739d8f2e4a555fb.webp|https://cdn2.jacars.net/media/cache/77/c5/77c56f41c878a75e61e543249e1c912f.webp|https://cdn2.jacars.net/media/cache/7f/14/7f145d83e177f22185b39ea5f85e9861.webp|https://cdn2.jacars.net/media/cache/ed/c3/edc35a7832c94f9f4fd2999a09e0b843.webp|https://cdn2.jacars.net/media/cache/93/ec/93ec46b9b403a468085e4d50ecef06c2.webp|https://cdn2.jacars.net/media/cache/f7/92/f7924eabbd9cb90a440e58c9a408124e.webp|https://cdn2.jacars.net/media/cache/41/dc/41dcd2634237cb0e11fe979f8219e56f.webp|https://cdn2.jacars.net/media/cache/3b/a6/3ba64a55e0f93c7dab2ab9c994e35bab.webp|https://cdn2.jacars.net/media/cache/43/9e/439e85e1b6da426e6e46181ad361b9b3.webp|https://cdn2.jacars.net/media/cache/d0/5e/d05e11e4ea7a15add4ae02f4dbe20075.webp,JACars Vehicles,/adv/2499647_hyundai-palisade-2-2l-2022/,2026-05-05T19:59:25.491Z,Hyundai,Palisade,,2022,used,,,,"{""sourceDate"":""2 days ago"",""parser"":""jacars""}"
jacars-2504932,pending,vehicles,vehicles,cars,"Toyota Corolla Cross 1,8L 2022","JA$ 4,600,000",4600000,JMD,Saint Elizabeth,Jamaica,JACars Vehicles,,"Toyota Corolla Cross 1,8L 2022 - JA$ 4,600,000 - Saint Elizabeth - 2 days ago",https://cdn2.jacars.net/media/cache/d0/19/d01933ccb481df366875bb0b4b6baa9f.webp|https://cdn2.jacars.net/media/cache/93/63/9363b840e43dffd0db75ccd1c39324df.webp|https://cdn2.jacars.net/media/cache/0b/38/0b384768c5a1581248b942cce90fd1dc.webp|https://cdn2.jacars.net/media/cache/ab/3c/ab3c79b2499acf4e56b8f3dd49508eac.webp|https://cdn2.jacars.net/media/cache/6a/22/6a22afe082aa5c9e4ea63179887141ac.webp|https://cdn2.jacars.net/media/cache/04/6a/046ae020d2acff43f5b0a9e4748f2f15.webp|https://cdn2.jacars.net/media/cache/97/5d/975d3a801c3318758235af394f13a933.webp|https://cdn2.jacars.net/media/cache/d8/53/d8533baab414fa31b2a2bd3c27f5c240.webp|https://cdn2.jacars.net/media/cache/df/22/df22e16e187b554f2600df368cc53066.webp,JACars Vehicles,/adv/2504932_toyota-corolla-cross-1-8l-2022/,2026-05-05T19:59:25.491Z,Toyota,Corolla Cross,,2022,used,,,,"{""sourceDate"":""2 days ago"",""parser"":""jacars""}"
jacars-2510739,pending,vehicles,vehicles,cars,"Toyota RAV4 1,6L 2014","JA$ 2,290,000",2290000,JMD,Kingston,Jamaica,Morris & Wright Auto Ltd,,"Toyota RAV4 1,6L 2014 - JA$ 2,290,000 - Kingston - 2 days ago",https://cdn2.jacars.net/media/cache/a3/87/a3876961a3796d1b5a9d8573eba25162.webp|https://cdn2.jacars.net/media/cache/17/6a/176aae747e890db0e3b800352b32a8aa.webp|https://cdn2.jacars.net/media/cache/66/25/6625276be22aeb8cecaed9e90c9125ef.webp|https://cdn2.jacars.net/media/cache/2e/1e/2e1ed72984b7229d2aa525d60cae6548.webp|https://cdn2.jacars.net/media/cache/06/a8/06a86a1254282cc6e3b57b1f9f0ba524.webp|https://cdn2.jacars.net/media/cache/8a/73/8a73e6bbb5a33ed10ae1f4902f77fa4a.webp|https://cdn2.jacars.net/media/cache/4c/59/4c596a427b23772ec0452f916afd52a4.webp|https://cdn2.jacars.net/media/cache/dd/4c/dd4c6d6144d5978d5539b2d1f398edef.webp|https://cdn2.jacars.net/media/cache/ed/f4/edf4bf1fbe1644451960b5281cac0c9e.webp|https://cdn2.jacars.net/media/cache/3e/26/3e2667518ba966f2adbab566098b9748.webp,JACars Vehicles,/adv/2510739_toyota-rav4-1-6l-2014/,2026-05-05T19:59:25.491Z,Toyota,RAV4,,2014,used,,,,"{""sourceDate"":""2 days ago"",""parser"":""jacars""}"
jacars-2510786,pending,vehicles,vehicles,cars,"Toyota Axio 1,6L 2019","JA$ 2,100,000",2100000,JMD,Saint Catherine,Jamaica,JACars Vehicles,,"Toyota Axio 1,6L 2019 - JA$ 2,100,000 - Saint Catherine - Yesterday",https://cdn2.jacars.net/media/cache/3b/17/3b177e6a0f4a8bcac8825167a2cde5f6.webp|https://cdn2.jacars.net/media/cache/22/11/22111ff5905b93889c0dde9884ef5a53.webp|https://cdn2.jacars.net/media/cache/68/e1/68e166633fb08c5a4302af95a5b3036b.webp|https://cdn2.jacars.net/media/cache/3b/d0/3bd0c33178664d31a7a45a270fa26c04.webp|https://cdn2.jacars.net/media/cache/02/6d/026d94d5e9d8a0ec1ad38c968f82e0cc.webp|https://cdn2.jacars.net/media/cache/34/aa/34aa34a5ea6b698bb77ee33866cae2a8.webp|https://cdn2.jacars.net/media/cache/67/93/679333d18b7ec7b7b5a52498a37a3272.webp|https://cdn2.jacars.net/media/cache/73/5a/735aff85ebd266b30049e142cebcf126.webp|https://cdn2.jacars.net/media/cache/ce/2e/ce2eb179cfda7b2c5adce640c8450b90.webp|https://cdn2.jacars.net/media/cache/06/d9/06d986f516c46ae29de03382b15b3059.webp|https://cdn2.jacars.net/media/cache/df/a0/dfa0056c6c298537e1771b117971d2d2.webp|https://cdn2.jacars.net/media/cache/a5/60/a56087a2867b39ae4c9159bb0f70b6db.webp|https://cdn2.jacars.net/media/cache/3a/20/3a205525afb91ceec230bb4c2331c2a3.webp,JACars Vehicles,/adv/2510786_toyota-axio-1-6l-2019/,2026-05-05T19:59:25.490Z,Toyota,Axio,,2019,used,,,,"{""sourceDate"":""Yesterday"",""parser"":""jacars""}"
jacars-2510775,pending,vehicles,vehicles,cars,"Mitsubishi Lancer 2,0L 2016","JA$ 850,000",850000,JMD,Saint Catherine,Jamaica,JACars Vehicles,,"Mitsubishi Lancer 2,0L 2016 - JA$ 850,000 - Saint Catherine - 2 days ago",https://cdn2.jacars.net/media/cache/94/9b/949b99a17d0485746205ce858352eb63.webp|https://cdn2.jacars.net/media/cache/9f/7d/9f7d99c5813ba9550317c182f06a2ead.webp|https://cdn2.jacars.net/media/cache/d6/57/d657893cf34e738e86a964576a3098df.webp|https://cdn2.jacars.net/media/cache/45/02/45023f7ce0329448630814f92586d969.webp|https://cdn2.jacars.net/media/cache/af/e9/afe9b15245e32428174f10515680446b.webp|https://cdn2.jacars.net/media/cache/0f/96/0f96fa1d9323d7b5367d1d4fba230be5.webp|https://cdn2.jacars.net/media/cache/94/44/94442a723fa79accf688d9791dfff84c.webp|https://cdn2.jacars.net/media/cache/4c/e4/4ce48a75749499282e7061bb08a975ca.webp|https://cdn2.jacars.net/media/cache/56/e7/56e7ee23e83f3b87326f246a24f4b55d.webp|https://cdn2.jacars.net/media/cache/33/c3/33c3b5d1ed085ff8ba13548074af4ae0.webp|https://cdn2.jacars.net/media/cache/2f/31/2f31e67ef6e9399eab7d6da4b6112a8f.webp|https://cdn2.jacars.net/media/cache/cf/e2/cfe2bfc14499e61c5bc7b4880cf80e63.webp|https://cdn2.jacars.net/media/cache/98/47/98475dc54eab2c859172ea4ca79608c0.webp|https://cdn2.jacars.net/media/cache/0a/c4/0ac4949bc5c94fdb6f81e3a9185ca1ce.webp|https://cdn2.jacars.net/media/cache/6c/ef/6cef1e6711bf07ec378ee9e084b7a9d3.webp,JACars Vehicles,/adv/2510775_mitsubishi-lancer-2-0l-2016/,2026-05-05T19:59:25.490Z,Mitsubishi,Lancer,,2016,used,,,,"{""sourceDate"":""2 days ago"",""parser"":""jacars""}"
jacars-2510770,pending,vehicles,vehicles,cars,"Honda Fit 1,3L 2012","JA$ 965,000",965000,JMD,Manchester,Jamaica,Starr,,"Honda Fit 1,3L 2012 - JA$ 965,000 - Manchester - 2 days ago",https://cdn2.jacars.net/media/cache/78/4d/784dd1d4ef546110147dc60112295021.webp|https://cdn2.jacars.net/media/cache/9c/6e/9c6e51c297965ddf7dc74380a325d237.webp|https://cdn2.jacars.net/media/cache/fe/9e/fe9ebcf05a3d53623b4dc16bd0781e5c.webp|https://cdn2.jacars.net/media/cache/88/09/8809c1dffd42669b8c62305d61ba2917.webp|https://cdn2.jacars.net/media/cache/d7/31/d731d7ed185155bb7aae136e7ada2bfc.webp|https://cdn2.jacars.net/media/cache/f1/9f/f19f24fb48d07bf303034e857a21e8fc.webp|https://cdn2.jacars.net/media/cache/ae/8d/ae8dbf301bd7a59ef7ab9800042b5ac3.webp|https://cdn2.jacars.net/media/cache/e4/2f/e42f50b42ee724da7ca912766365a37a.webp|https://cdn2.jacars.net/media/cache/b4/7d/b47dd8a58dbd18a7279137daac0d48cb.webp|https://cdn2.jacars.net/media/cache/8e/96/8e96e5e292f3b97efe64eedeb67ec9ce.webp|https://cdn2.jacars.net/media/cache/db/a9/dba91887267c8f02e44933e105f99c56.webp|https://cdn2.jacars.net/media/cache/17/2f/172f2863495cb2714973375c2e326299.webp|https://cdn2.jacars.net/media/cache/e2/b8/e2b8c58c01db28ab12b107af698b1fd1.webp|https://cdn2.jacars.net/media/cache/24/36/2436b4ec2bb51dc9f68650964ffdd84a.webp,JACars Vehicles,/adv/2510770_honda-fit-1-3l-2012/,2026-05-05T19:59:25.490Z,Honda,Fit,,2012,used,,,,"{""sourceDate"":""2 days ago"",""parser"":""jacars""}"
jacars-2510797,pending,vehicles,vehicles,cars,"BMW X6 3,0L 2016","JA$ 6,000,000",6000000,JMD,Saint Catherine,Jamaica,JACars Vehicles,,"BMW X6 3,0L 2016 - JA$ 6,000,000 - Saint Catherine - Yesterday",https://cdn2.jacars.net/media/cache/59/92/599242c25971107cadd891899df57783.webp|https://cdn2.jacars.net/media/cache/3d/c1/3dc1e6624fa1e1c0fe201a509d9fd62f.webp|https://cdn2.jacars.net/media/cache/40/12/4012cba9c6d696820e23138cf7d044cf.webp|https://cdn2.jacars.net/media/cache/1b/7f/1b7fdfd06eb6a6dde88843c9bda16a23.webp|https://cdn2.jacars.net/media/cache/bd/2b/bd2bf2a6564302571dd5a19a0b5b2a02.webp|https://cdn2.jacars.net/media/cache/9c/1c/9c1cc0796c19b951b40a22f4fc3d7f03.webp|https://cdn2.jacars.net/media/cache/76/bd/76bd8f76f47606a12f71f8f1b1381345.webp|https://cdn2.jacars.net/media/cache/33/53/33532469c30842b7b9ea914e87fe182e.webp|https://cdn2.jacars.net/media/cache/f1/5a/f15af7dfc750b074d099671cea506c61.webp|https://cdn2.jacars.net/media/cache/1c/78/1c7888cc615299ca104bf76b32390b38.webp|https://cdn2.jacars.net/media/cache/5a/6c/5a6cd4b64d31930c4fec57e5ef8fb420.webp|https://cdn2.jacars.net/media/cache/fc/0d/fc0ded03f769fa16ae17f2b37c9421e1.webp|https://cdn2.jacars.net/media/cache/1b/98/1b98cf8a2229165a1267111d625b15c7.webp|https://cdn2.jacars.net/media/cache/b3/aa/b3aa83fe9770c0d56f9c82aa65bc37c4.webp|https://cdn2.jacars.net/media/cache/d6/e4/d6e4418cb60b73d23568bd4aa08d0999.webp,JACars Vehicles,/adv/2510797_bmw-x6-3-0l-2016/,2026-05-05T19:59:25.489Z,BMW,X6,,2016,used,,,,"{""sourceDate"":""Yesterday"",""parser"":""jacars""}"
jacars-2502864,pending,vehicles,vehicles,cars,"Toyota Probox 1,3L 2020","JA$ 1,930,000",1930000,JMD,Kingston,Jamaica,Karmanjahni Company Ltd,,"Toyota Probox 1,3L 2020 - JA$ 1,930,000 - Kingston - Yesterday",https://cdn2.jacars.net/media/cache/66/a3/66a347d0d84c9a93ea217311dd003707.webp|https://cdn2.jacars.net/media/cache/5e/70/5e7010d0402afb15b17c6961179a3cbc.webp|https://cdn2.jacars.net/media/cache/b5/01/b501053c8dd0c5e1a991eeaee629c264.webp|https://cdn2.jacars.net/media/cache/d4/c4/d4c48d823b07cbf5c6ec8a56bf165b15.webp|https://cdn2.jacars.net/media/cache/d6/aa/d6aa7c313568a424ff6e0861cc8f7e70.webp|https://cdn2.jacars.net/media/cache/23/00/2300b72df2abd120d6bcc19ca402b304.webp|https://cdn2.jacars.net/media/cache/6c/30/6c30daba287c9c16395338e0b74b4c20.webp|https://cdn2.jacars.net/media/cache/16/4c/164c7cc14293290ca62b85cda9b9fb58.webp|https://cdn2.jacars.net/media/cache/ee/cb/eecb9e079558999b07cd8be43d1743a7.webp|https://cdn2.jacars.net/media/cache/b8/e5/b8e5ccff62ae829e01b3f50ffccd8d4c.webp|https://cdn2.jacars.net/media/cache/2b/f8/2bf8de6a79d15331983832e374f7cc97.webp|https://cdn2.jacars.net/media/cache/74/31/74312a24c7d5762e0dc576530e806526.webp,JACars Vehicles,/adv/2502864_toyota-probox-1-5l-2020/,2026-05-05T19:59:25.489Z,Toyota,Probox,,2020,used,,,,"{""sourceDate"":""Yesterday"",""parser"":""jacars""}"
jacars-2506649,pending,vehicles,vehicles,cars,"BMW 3-Series 2,0L 2017","JA$ 3,290,000",3290000,JMD,Manchester,Jamaica,AMD Auto Sales Ltd,,"BMW 3-Series 2,0L 2017 - JA$ 3,290,000 - Manchester - Yesterday",https://cdn2.jacars.net/media/cache/3e/ab/3eab70449f1488b5534b3df95077e2f4.webp|https://cdn2.jacars.net/media/cache/f3/65/f365c1e0a2aecaa7777312c7b14608b2.webp|https://cdn2.jacars.net/media/cache/b1/81/b1813b46dc5a493a8e92c70f3eb7437d.webp|https://cdn2.jacars.net/media/cache/f3/5d/f35df8e9fa97c6deb01135f68ac63850.webp|https://cdn2.jacars.net/media/cache/11/70/1170f8153505c6de8330361c44664b7c.webp|https://cdn2.jacars.net/media/cache/c8/76/c87656da1e18556215026f69532ca64e.webp|https://cdn2.jacars.net/media/cache/31/cf/31cf38fdc809757d110f6fb9db7f3ee3.webp|https://cdn2.jacars.net/media/cache/d2/43/d243166ea82e6e93a064b5288febca88.webp|https://cdn2.jacars.net/media/cache/1f/f9/1ff91a50fb8a8f94e0b06146c1d74a5e.webp|https://cdn2.jacars.net/media/cache/a9/74/a9749715375e81544b9cdcab30cbc1ca.webp|https://cdn2.jacars.net/media/cache/d1/1c/d11c3a118281aa32adc9aa2734215f32.webp|https://cdn2.jacars.net/media/cache/bd/74/bd7489728f61e75d49abde89677e2565.webp|https://cdn2.jacars.net/media/cache/65/fe/65fed2a1a80b60eeaec8d339174db157.webp|https://cdn2.jacars.net/media/cache/83/74/83747cdd9acbbd37db24fcb6948d6205.webp|https://cdn2.jacars.net/media/cache/67/b4/67b4ec4691f25be358f5c6e1ce8d6524.webp|https://cdn2.jacars.net/media/cache/57/3d/573de8a55f4f80ffce85d4f3cf85dded.webp|https://cdn2.jacars.net/media/cache/a8/c8/a8c8c27cf9ef0a10bba3a7b33e435dc5.webp|https://cdn2.jacars.net/media/cache/15/ed/15eda10d385298616dece9895f7de77b.webp|https://cdn2.jacars.net/media/cache/82/46/82462c17306fdd434c83df7ef2f8e250.webp|https://cdn2.jacars.net/media/cache/32/8a/328a1acae831d514c8083b8e6d609325.webp|https://cdn2.jacars.net/media/cache/40/3f/403f59d9217563152131135e8a8917f5.webp|https://cdn2.jacars.net/media/cache/da/8e/da8ef23dffb5c9359bc9fb3943b55a6e.webp|https://cdn2.jacars.net/media/cache/80/7f/807f6b4708a1b5380b621a5e1aa4c29f.webp|https://cdn2.jacars.net/media/cache/88/38/88385b2f536c123b933a09d4c94eb319.webp,JACars Vehicles,/adv/2506649_bmw-3-series-2-0l-2017/,2026-05-05T19:59:25.489Z,BMW,3-Series,,2017,used,,,,"{""sourceDate"":""Yesterday"",""parser"":""jacars""}"
jacars-2510815,pending,vehicles,vehicles,cars,"Toyota Noah 2,0L 2014","JA$ 2,490,000",2490000,JMD,Manchester,Jamaica,TOP RATED AUTOMOTIVE LTD,,"Toyota Noah 2,0L 2014 - JA$ 2,490,000 - Manchester - Yesterday",https://cdn2.jacars.net/media/cache/d5/ee/d5eee99c57b5ef6adcf39f9fcfe94c16.webp|https://cdn2.jacars.net/media/cache/c0/0b/c00b9e20abc32237214d1acff9b3ad82.webp|https://cdn2.jacars.net/media/cache/20/80/208093b62f28ecf2ba0af9939e1c54ba.webp|https://cdn2.jacars.net/media/cache/2f/14/2f1488bf69888bcf0fdb2ee1b1278849.webp|https://cdn2.jacars.net/media/cache/fb/e8/fbe886c14122e43df62821c0e5b31b53.webp|https://cdn2.jacars.net/media/cache/e2/20/e220b1a4bd0da302b95e1204d6e8bcd7.webp|https://cdn2.jacars.net/media/cache/35/2b/352b65b58cb2656485e009e066238b92.webp|https://cdn2.jacars.net/media/cache/14/e8/14e8ed19f1189462a36260b3d4ec7fbc.webp|https://cdn2.jacars.net/media/cache/8b/2c/8b2cc1b7556f0c6e92bc8f04f3b3b522.webp|https://cdn2.jacars.net/media/cache/6a/40/6a40273a0215e88a26813dd2ca19ff3d.webp|https://cdn2.jacars.net/media/cache/72/b5/72b57066719ad28190e36314b7bb0dcd.webp|https://cdn2.jacars.net/media/cache/e3/11/e311ce15d16a66a98720a89acaaf7f3b.webp|https://cdn2.jacars.net/media/cache/09/5e/095e2b210a22087b66d44a493115fe9e.webp|https://cdn2.jacars.net/media/cache/b8/b7/b8b79db4b7b1c20d7e3fdda46770f279.webp|https://cdn2.jacars.net/media/cache/85/23/8523f335568d6f7c6e76eb1a237c36be.webp|https://cdn2.jacars.net/media/cache/35/f6/35f622ecd01018afccc562a9ea2817ce.webp|https://cdn2.jacars.net/media/cache/f7/df/f7df8ebf9d35bd932618feaca440cb5b.webp,JACars Vehicles,/adv/2510815_toyota-noah-2-0l-2014/,2026-05-05T19:59:25.488Z,Toyota,Noah,,2014,used,,,,"{""sourceDate"":""Yesterday"",""parser"":""jacars""}"
jacars-2510814,pending,vehicles,vehicles,cars,"Toyota Fielder 1,5L 2013","JA$ 1,350,000",1350000,JMD,Manchester,Jamaica,TOP RATED AUTOMOTIVE LTD,,"Toyota Fielder 1,5L 2013 - JA$ 1,350,000 - Manchester - Yesterday",https://cdn2.jacars.net/media/cache/e6/12/e61201141f4e15e7a2c2b3f500787930.webp|https://cdn2.jacars.net/media/cache/3b/2d/3b2dc82ab105673b679a6646b44b00ca.webp|https://cdn2.jacars.net/media/cache/f2/2d/f22d8327c8cccabf514c04c22280a785.webp|https://cdn2.jacars.net/media/cache/ac/a0/aca020946b8d4161649d7a60fccc6c45.webp|https://cdn2.jacars.net/media/cache/e0/55/e055d8d3dd02fbc0dae916355a2c3f61.webp|https://cdn2.jacars.net/media/cache/7e/cc/7eccba0fd743e14bcbd32c05d92306b6.webp|https://cdn2.jacars.net/media/cache/cd/9a/cd9aa45eda8e86c7f2fa5099213a9711.webp|https://cdn2.jacars.net/media/cache/8a/5d/8a5d73b8cee299779d7b5d3227494de9.webp|https://cdn2.jacars.net/media/cache/61/0b/610b798b72bd755eeb5205131a33c1d9.webp|https://cdn2.jacars.net/media/cache/4a/b3/4ab3ca601df9078bf7e82b3bbfb12e2f.webp|https://cdn2.jacars.net/media/cache/77/e6/77e67f59e3685c912e25a888bf3fc4f8.webp|https://cdn2.jacars.net/media/cache/d1/e3/d1e36275726d41f6bfcc28fb3a72e40c.webp|https://cdn2.jacars.net/media/cache/66/1d/661d43633db9e1b7fb7b3dab456a8967.webp|https://cdn2.jacars.net/media/cache/25/06/2506ab6b2b8d1307656d1e37568b9581.webp|https://cdn2.jacars.net/media/cache/99/09/99099180e47019c122fe3fe8d91dcddf.webp|https://cdn2.jacars.net/media/cache/f7/df/f7df8ebf9d35bd932618feaca440cb5b.webp,JACars Vehicles,/adv/2510814_toyota-fielder-1-5l-2013/,2026-05-05T19:59:25.488Z,Toyota,Fielder,,2013,used,,,,"{""sourceDate"":""Yesterday"",""parser"":""jacars""}"
jacars-2505467,pending,vehicles,vehicles,cars,"Honda Vezel 1,5L 2022","JA$ 4,690,000",4690000,JMD,Saint Mary,Jamaica,North Coast Auto Sales,,"Honda Vezel 1,5L 2022 - JA$ 4,690,000 - Saint Mary - Yesterday",https://cdn2.jacars.net/media/cache/e8/8b/e88b49aa65ccf4dc89ff5e753a94b626.webp|https://cdn2.jacars.net/media/cache/6c/a0/6ca06529a8439c394c4faf37bc43ada2.webp|https://cdn2.jacars.net/media/cache/7d/4e/7d4e1969072e367c82f7909974abcdbb.webp|https://cdn2.jacars.net/media/cache/97/54/97549bc8aca0e9b7c9d6a013241a3aa6.webp|https://cdn2.jacars.net/media/cache/77/81/7781229f2f702980c575abd0a2cb4877.webp|https://cdn2.jacars.net/media/cache/1a/a4/1aa466f4033dc1137314b7faad97f361.webp|https://cdn2.jacars.net/media/cache/e6/b7/e6b784d6ee47a9d32f25a8b96836f36e.webp|https://cdn2.jacars.net/media/cache/9d/f4/9df42bc95dc828fc1805ea9cb2a66999.webp|https://cdn2.jacars.net/media/cache/06/6f/066f171efdfed342c6c5ce96ebd7a02b.webp|https://cdn2.jacars.net/media/cache/a0/e1/a0e18c9af8fdd33c089fa0a37ad9699e.webp|https://cdn2.jacars.net/media/cache/3e/e3/3ee33ecbacaa973fd4efdcc69766542b.webp,JACars Vehicles,/adv/2505467_honda-vezel-1-5l-2022/,2026-05-05T19:59:25.488Z,Honda,Vezel,,2022,used,,,,"{""sourceDate"":""Yesterday"",""parser"":""jacars""}"
jacars-2508795,pending,vehicles,vehicles,cars,"Toyota Voxy 2,0L 2016","JA$ 2,990,000",2990000,JMD,Saint Elizabeth,Jamaica,EZO Auto World,,"Toyota Voxy 2,0L 2016 - JA$ 2,990,000 - Saint Elizabeth - Yesterday",https://cdn2.jacars.net/media/cache/f1/1a/f11ac39b27e04925f2eadfde8f0a02cc.webp|https://cdn2.jacars.net/media/cache/33/a0/33a09c28d7710119c1d3898fcc09e182.webp|https://cdn2.jacars.net/media/cache/85/95/859596b26d7864c371a4b3396e72c076.webp|https://cdn2.jacars.net/media/cache/d2/57/d25743b4add5783bb3444155966a0134.webp|https://cdn2.jacars.net/media/cache/18/d1/18d1f56cba68801c5d09c141ee18fcc6.webp|https://cdn2.jacars.net/media/cache/19/4e/194e75eb980e98e378de34c6be941502.webp|https://cdn2.jacars.net/media/cache/d7/44/d7446b8000d4cfc2fa84e0400d41b55e.webp|https://cdn2.jacars.net/media/cache/4a/89/4a892cc535a08235a0280c815d17c09f.webp|https://cdn2.jacars.net/media/cache/4e/f7/4ef7b575ceabec8ecea8cbf9bc20b2ca.webp|https://cdn2.jacars.net/media/cache/52/e2/52e2c9d904a6118a62797f41a5e9b710.webp|https://cdn2.jacars.net/media/cache/3a/4d/3a4d607a4e792cbc5a4484fb44862f3c.webp|https://cdn2.jacars.net/media/cache/be/8b/be8b6c57d6cf30dd636feffe4fd21e81.webp,JACars Vehicles,/adv/2508795_toyota-voxy-2-0l-2016/,2026-05-05T19:59:25.488Z,Toyota,Voxy,,2016,used,,,,"{""sourceDate"":""Yesterday"",""parser"":""jacars""}"
jacars-2507059,pending,vehicles,vehicles,cars,"Audi A3 1,4L 2019",Call for price,0,JMD,Kingston,Jamaica,JACars Vehicles,,"Audi A3 1,4L 2019 - Call for price - Kingston - Yesterday",https://cdn2.jacars.net/media/cache/b7/90/b790d4390a730838b84f1bc8e0fb3a83.webp|https://cdn2.jacars.net/media/cache/0d/f3/0df3d5f4b9ff66bed14f16cbfc64bfd4.webp|https://cdn2.jacars.net/media/cache/f4/9d/f49d8e0cd17a95abebcec52f190c73d5.webp|https://cdn2.jacars.net/media/cache/70/63/7063f25a2eefbded54e5df92c4182ee3.webp|https://cdn2.jacars.net/media/cache/ff/49/ff495acb2c50f5e88ca9524d7b5d53e2.webp|https://cdn2.jacars.net/media/cache/f4/4c/f44c99ca476124f50e21c2bebdc369c8.webp|https://cdn2.jacars.net/media/cache/0d/2e/0d2e35c85f18849cee012ed5091ceedc.webp|https://cdn2.jacars.net/media/cache/af/b9/afb92b44e2c9805f7d3bfe088a9b7732.webp,JACars Vehicles,/adv/2507059_audi-a3-1-4l-2019/,2026-05-05T19:59:25.487Z,Audi,A3,,2019,used,,,,"{""sourceDate"":""Yesterday"",""parser"":""jacars""}"
jacars-2509631,pending,vehicles,vehicles,cars,"Honda Accord 2,0L 2022","JA$ 5,600,000 JA$ 5,950,000",56000005950000,JMD,Saint Catherine,Jamaica,JACars Vehicles,,"Honda Accord 2,0L 2022 - JA$ 5,600,000 JA$ 5,950,000 - Saint Catherine - Yesterday",https://cdn2.jacars.net/media/cache/11/7d/117d162334a355395caa82afba0b8189.webp|https://cdn2.jacars.net/media/cache/6e/5c/6e5ce5eadacad06501d867303e93d3b3.webp|https://cdn2.jacars.net/media/cache/09/6f/096f0f203f4afee1cdda12975d65f675.webp|https://cdn2.jacars.net/media/cache/16/c7/16c705723e52da2c4fafcb3ffe408eaa.webp|https://cdn2.jacars.net/media/cache/da/57/da573a627d2c2db553ec7b3122ed1503.webp|https://cdn2.jacars.net/media/cache/a2/72/a27209ff13bb1a0d61469cdfc85ed3fb.webp,JACars Vehicles,/adv/2509631_honda-accord-2-0l-2022/,2026-05-05T19:59:25.487Z,Honda,Accord,,2022,used,,,,"{""sourceDate"":""Yesterday"",""parser"":""jacars""}"
jacars-2510817,pending,vehicles,vehicles,cars,"Toyota Axio 1,5L 2014","JA$ 1,290,000",1290000,JMD,Manchester,Jamaica,TOP RATED AUTOMOTIVE LTD,,"Toyota Axio 1,5L 2014 - JA$ 1,290,000 - Manchester - Yesterday",https://cdn2.jacars.net/media/cache/2b/25/2b259d13e0e7d4c5dcd038b274144838.webp|https://cdn2.jacars.net/media/cache/c1/40/c140a948571e6f84830297e76978345a.webp|https://cdn2.jacars.net/media/cache/85/c5/85c504759253358f5d6f395afd778692.webp|https://cdn2.jacars.net/media/cache/e4/d0/e4d03252aaccfbf0e6aacb0a4c02636b.webp|https://cdn2.jacars.net/media/cache/f6/37/f637a1f03692a3bf4cefa80b7fcfb845.webp|https://cdn2.jacars.net/media/cache/71/32/71329a95c47be4434a293baaeee52e9a.webp|https://cdn2.jacars.net/media/cache/ca/3f/ca3f9250b3ad8d9717b6336216a0655b.webp|https://cdn2.jacars.net/media/cache/c1/58/c15880cae48d172e1098e596a82d55b1.webp|https://cdn2.jacars.net/media/cache/29/c1/29c11e86d7231647bd39ce54e5b09c75.webp|https://cdn2.jacars.net/media/cache/f6/0d/f60d29f96d23931d8fb070d5e1db6f53.webp|https://cdn2.jacars.net/media/cache/24/41/2441d8806323928a2951567df63958ef.webp|https://cdn2.jacars.net/media/cache/2b/62/2b6272f6178341b532abed7200377561.webp|https://cdn2.jacars.net/media/cache/f7/df/f7df8ebf9d35bd932618feaca440cb5b.webp,JACars Vehicles,/adv/2510817_toyota-axio-1-5l-2014/,2026-05-05T19:59:25.487Z,Toyota,Axio,,2014,used,,,,"{""sourceDate"":""Yesterday"",""parser"":""jacars""}"
jacars-2489175,pending,vehicles,vehicles,cars,"Honda Grace 1,5L 2019","JA$ 2,150,000",2150000,JMD,Kingston,Jamaica,LLM&M Auto,,"Honda Grace 1,5L 2019 - JA$ 2,150,000 - Kingston - Yesterday",https://cdn2.jacars.net/media/cache/fc/a3/fca3c5d983b6befdccc9a3e759dcf239.webp|https://cdn2.jacars.net/media/cache/53/ac/53ac9d831e23189363cc87d3df3fc892.webp|https://cdn2.jacars.net/media/cache/43/f3/43f3924572f33dcfa08701f13ebd7798.webp|https://cdn2.jacars.net/media/cache/a0/18/a018353a919442ef573edf4035153115.webp|https://cdn2.jacars.net/media/cache/d6/7b/d67b42966f15b78d12071eb98116d946.webp|https://cdn2.jacars.net/media/cache/af/da/afda8fba77e97303bd0d6ec729240b01.webp|https://cdn2.jacars.net/media/cache/6b/af/6bafcf831b45dacd26f084e868352985.webp|https://cdn2.jacars.net/media/cache/00/1d/001d455efeae1e8719948e4b4146f17c.webp|https://cdn2.jacars.net/media/cache/6d/0f/6d0f599ebb95095fef58a48c202db890.webp|https://cdn2.jacars.net/media/cache/ee/25/ee25dda97833b43eb0f39b2317d3f547.webp|https://cdn2.jacars.net/media/cache/60/a8/60a883e390dbd2ec33ef01d1682e6fb6.webp|https://cdn2.jacars.net/media/cache/b1/8e/b18e91a5290a06e1d0fb4ca85b27451a.webp|https://cdn2.jacars.net/media/cache/08/35/0835fa59ad99f90b11e2400c103775a7.webp|https://cdn2.jacars.net/media/cache/69/fc/69fcaf7366d66b41da2937137fedceda.webp|https://cdn2.jacars.net/media/cache/59/ef/59ef7623692ae06defecd1e9f17c6d0d.webp|https://cdn2.jacars.net/media/cache/a2/02/a202983f198d975cde4694a0394f8799.webp|https://cdn2.jacars.net/media/cache/85/5d/855d7f6058d4af4ee8421faf9126a084.webp|https://cdn2.jacars.net/media/cache/06/d0/06d0a8b39f0a8944dc7ffd0013c3a766.webp|https://cdn2.jacars.net/media/cache/4d/84/4d84add2b27ca1ba8219e9205e0385d0.webp|https://cdn2.jacars.net/media/cache/16/3c/163c268d6c6ea80d1b1f4023376948c3.webp|https://cdn2.jacars.net/media/cache/d0/a3/d0a33fc0d57a9f880c5a006b87476fd1.webp|https://cdn2.jacars.net/media/cache/a1/2d/a12d32034352eaabb1cc65a220d849d2.webp|https://cdn2.jacars.net/media/cache/f5/fa/f5faca645cc98ae5ef7d5ed5b72b5aa0.webp|https://cdn2.jacars.net/media/cache/fc/e5/fce5d6f951df07acd473539c1ddf4808.webp|https://cdn2.jacars.net/media/cache/d7/cd/d7cdefd231a0c72423e2883211483e83.webp|https://cdn2.jacars.net/media/cache/79/48/7948512245850517acf701b4deb3b2ad.webp|https://cdn2.jacars.net/media/cache/65/2e/652ea96ed18895743fe1379be4261635.webp|https://cdn2.jacars.net/media/cache/82/d0/82d0d4eb96fb96ad9129c2fd5b938d63.webp|https://cdn2.jacars.net/media/cache/66/cf/66cfd4577e6072d98e490641cbc857ff.webp|https://cdn2.jacars.net/media/cache/f7/79/f7793227bffbbbcad79e6e599acde88a.webp|https://cdn2.jacars.net/media/cache/4d/39/4d398935dc916a5f53971e5fce33d408.webp|https://cdn2.jacars.net/media/cache/ab/81/ab811f0a4690592ad6e8f2e16134eb69.webp|https://cdn2.jacars.net/media/cache/ac/9d/ac9d6c8f784601c4a0849f0a1485dafd.webp|https://cdn2.jacars.net/media/cache/a8/c8/a8c8c27cf9ef0a10bba3a7b33e435dc5.webp,JACars Vehicles,/adv/2489175_honda-shuttle-1-5l-2019/,2026-05-05T19:59:25.486Z,Honda,Grace,,2019,used,,,,"{""sourceDate"":""Yesterday"",""parser"":""jacars""}"
jacars-2503991,pending,vehicles,vehicles,cars,"Porsche Cayenne 3,0L 2013","JA$ 4,500,000",4500000,JMD,Kingston,Jamaica,JACars Vehicles,,"Porsche Cayenne 3,0L 2013 - JA$ 4,500,000 - Kingston - Yesterday",https://cdn2.jacars.net/media/cache/82/44/82440bf5eebe2cfea9ca9d13c3c2dbd1.webp|https://cdn2.jacars.net/media/cache/52/15/52158ebfb90f2114f2e8e3ab55364bdf.webp|https://cdn2.jacars.net/media/cache/41/f0/41f06aa775815f01b8cdc09c72e399f7.webp|https://cdn2.jacars.net/media/cache/12/21/122125ed262e6eef7ae0f52e4e984235.webp|https://cdn2.jacars.net/media/cache/a1/29/a1293630762afaa51fc4c785b68e7549.webp|https://cdn2.jacars.net/media/cache/d9/14/d9148c18ef181445d52cacffa32da5fb.webp|https://cdn2.jacars.net/media/cache/66/5c/665c681e43de4a2adf0c98672fad71ed.webp,JACars Vehicles,/adv/2503991_porsche-cayenne-3-0l-2013/,2026-05-05T19:59:25.486Z,Porsche,Cayenne,,2013,used,,,,"{""sourceDate"":""Yesterday"",""parser"":""jacars""}"
jacars-2504293,pending,vehicles,vehicles,cars,"KIA Carnival 2,0L 2020","JA$ 3,500,000",3500000,JMD,Kingston,Jamaica,JACars Vehicles,,"KIA Carnival 2,0L 2020 - JA$ 3,500,000 - Kingston - Yesterday",https://cdn2.jacars.net/media/cache/3d/01/3d01523d823db7c8605f0a44baf454d0.webp|https://cdn2.jacars.net/media/cache/8e/9e/8e9eb1c16bbf01afa58b3524da7763da.webp|https://cdn2.jacars.net/media/cache/8f/3b/8f3b7849d230de57d43cb5111146dc6e.webp|https://cdn2.jacars.net/media/cache/aa/4b/aa4bb25dc92ee44843fca7706c9dbafa.webp|https://cdn2.jacars.net/media/cache/cf/f2/cff29240c83175921817d9642693ec90.webp|https://cdn2.jacars.net/media/cache/60/ce/60ce3ddeee73c7d1bea5c5f55f58ba52.webp|https://cdn2.jacars.net/media/cache/f4/6b/f46b3554d946b484b85fc50394f2cb71.webp|https://cdn2.jacars.net/media/cache/6c/f8/6cf8b86a2ab192253f43e1f0b8bbd44d.webp|https://cdn2.jacars.net/media/cache/1d/5d/1d5d1639aac2737dc5bc7f333dbcaa42.webp,JACars Vehicles,/adv/2504293_kia-carnival/,2026-05-05T19:59:25.486Z,KIA,Carnival,,2020,used,,,,"{""sourceDate"":""Yesterday"",""parser"":""jacars""}"
jacars-2469641,pending,vehicles,vehicles,cars,"Toyota GT86 2,0L 2019","JA$ 3,550,000 JA$ 3,920,000",35500003920000,JMD,Saint Catherine,Jamaica,Mars Trading,,"Toyota GT86 2,0L 2019 - JA$ 3,550,000 JA$ 3,920,000 - Saint Catherine - Yesterday",https://cdn2.jacars.net/media/cache/ce/8a/ce8a0ca1c750c299fb87f3e5a3a19ea0.webp|https://cdn2.jacars.net/media/cache/60/d3/60d3a538960b0c4497520bf896ecbd31.webp|https://cdn2.jacars.net/media/cache/8b/da/8bdae435c869c516e22dab493a085a90.webp|https://cdn2.jacars.net/media/cache/dc/3d/dc3d1550a489edb66a42e586f16bb532.webp|https://cdn2.jacars.net/media/cache/05/7f/057f75d10790657d3839d5ada3c5693a.webp|https://cdn2.jacars.net/media/cache/fe/c8/fec8e1ee2081c6ff10749a57e9c9e559.webp|https://cdn2.jacars.net/media/cache/77/8a/778ac1a0b412797413792a2774239c14.webp|https://cdn2.jacars.net/media/cache/85/74/8574ea448a2f10866cf92781a0afce9b.webp|https://cdn2.jacars.net/media/cache/c5/4e/c54effd457b07a7ebfeae5b90d3f4869.webp|https://cdn2.jacars.net/media/cache/ec/a6/eca62c8fb1f2a5b193941e568e07b2b4.webp|https://cdn2.jacars.net/media/cache/17/85/17850a2affb57c9e14fc3e54de0e3b25.webp,JACars Vehicles,/adv/2469641_toyota-gt86-2-0l-2019/,2026-05-05T19:59:25.485Z,Toyota,GT86,,2019,used,,,,"{""sourceDate"":""Yesterday"",""parser"":""jacars""}"
jacars-2499585,pending,vehicles,vehicles,cars,"Mini Cooper 2,0L 2018","JA$ 2,890,000",2890000,JMD,Saint Catherine,Jamaica,Mars Trading,,"Mini Cooper 2,0L 2018 - JA$ 2,890,000 - Saint Catherine - Yesterday",https://cdn2.jacars.net/media/cache/b4/86/b4867b95af087c5cb878633551a3bd7d.webp|https://cdn2.jacars.net/media/cache/0e/c5/0ec53561db61fd69d34613a546f689d4.webp|https://cdn2.jacars.net/media/cache/a2/62/a26245cea587173a1c29a002beca1bdb.webp|https://cdn2.jacars.net/media/cache/83/3b/833b2e45789262bea632f5623a3a915f.webp|https://cdn2.jacars.net/media/cache/f9/14/f9146a0c915bf870315ede6f5131306e.webp|https://cdn2.jacars.net/media/cache/35/0e/350efe42e3adbee21524a23d7303823c.webp|https://cdn2.jacars.net/media/cache/38/f5/38f5d0c4ecb2e7cbf0e2c643646f25fc.webp|https://cdn2.jacars.net/media/cache/5d/77/5d772f69e27ebfb48d6b4100a8fd1cd6.webp|https://cdn2.jacars.net/media/cache/6f/83/6f83dc4e70124465f6dd61aeae79580f.webp|https://cdn2.jacars.net/media/cache/17/85/17850a2affb57c9e14fc3e54de0e3b25.webp,JACars Vehicles,/adv/2499585_mini-cooper-2-0l-2017/,2026-05-05T19:59:25.485Z,Mini,Cooper,,2018,used,,,,"{""sourceDate"":""Yesterday"",""parser"":""jacars""}"
jacars-2499462,pending,vehicles,vehicles,cars,"BMW X1 2,0L 2020","JA$ 3,980,000 JA$ 4,190,000",39800004190000,JMD,Saint Catherine,Jamaica,Mars Trading,,"BMW X1 2,0L 2020 - JA$ 3,980,000 JA$ 4,190,000 - Saint Catherine - Yesterday",https://cdn2.jacars.net/media/cache/79/e4/79e4f94b0859e3ffc2892bfab2a4aef7.webp|https://cdn2.jacars.net/media/cache/a9/fb/a9fb3f7b136671640ee9b8524bbc7431.webp|https://cdn2.jacars.net/media/cache/92/8f/928f2e2c4ddf6102b0a350201af48cf7.webp|https://cdn2.jacars.net/media/cache/3d/d7/3dd7f862d8b082e7e5bcfb54bee0392a.webp|https://cdn2.jacars.net/media/cache/40/28/40284fa2dedd73452e6e13927b606501.webp|https://cdn2.jacars.net/media/cache/b4/2b/b42b007af3c2600de0c4fc5d55d87718.webp|https://cdn2.jacars.net/media/cache/36/47/3647e123d1f40ce05b5945986b526aaa.webp|https://cdn2.jacars.net/media/cache/e3/a6/e3a60be707bf4edfcf3eb68f059555d6.webp|https://cdn2.jacars.net/media/cache/dd/66/dd6600f8231a04253326611e7c3f8544.webp|https://cdn2.jacars.net/media/cache/20/cc/20cc0dd50259fc1691bffe713c3965d9.webp|https://cdn2.jacars.net/media/cache/f8/21/f821c8a5b75eb6fc8274e2918957ac8e.webp|https://cdn2.jacars.net/media/cache/17/85/17850a2affb57c9e14fc3e54de0e3b25.webp,JACars Vehicles,/adv/2499462_bmw-x1-2-0l-2020/,2026-05-05T19:59:25.485Z,BMW,X1,,2020,used,,,,"{""sourceDate"":""Yesterday"",""parser"":""jacars""}"
jacars-2507644,pending,vehicles,vehicles,cars,"Toyota Corolla Touring 1,5L 2020","JA$ 2,950,000",2950000,JMD,Saint Catherine,Jamaica,Mars Trading,,"Toyota Corolla Touring 1,5L 2020 - JA$ 2,950,000 - Saint Catherine - Yesterday",https://cdn2.jacars.net/media/cache/59/df/59df29e45f73a3c8ac8822d9fd5759da.webp|https://cdn2.jacars.net/media/cache/a0/09/a009ff490ee4d2c9eb5f2e8f39261654.webp|https://cdn2.jacars.net/media/cache/8a/ec/8aecd0204bfb1c9f30f8b96ec494edec.webp|https://cdn2.jacars.net/media/cache/e5/af/e5af5c1f3aa852796787af4617d50f6c.webp|https://cdn2.jacars.net/media/cache/64/d5/64d5273003eb53f60c53c71832a8fcf6.webp|https://cdn2.jacars.net/media/cache/8a/49/8a49ab003b82930599e8552480ebee4e.webp|https://cdn2.jacars.net/media/cache/62/f4/62f41fa5f0adfc84046db1fb6747eb2b.webp|https://cdn2.jacars.net/media/cache/01/a7/01a718de266075bdfdf57d225a545d76.webp|https://cdn2.jacars.net/media/cache/ef/f4/eff4942b8a5378a9baea8aed0b5e7327.webp|https://cdn2.jacars.net/media/cache/17/85/17850a2affb57c9e14fc3e54de0e3b25.webp,JACars Vehicles,/adv/2507644_toyota-corolla-touring-1-5l-2020/,2026-05-05T19:59:25.485Z,Toyota,Corolla Touring,,2020,used,,,,"{""sourceDate"":""Yesterday"",""parser"":""jacars""}"
jacars-2495810,pending,vehicles,vehicles,cars,"Honda Vezel RS 1,5L 2020","JA$ 3,690,000",3690000,JMD,Manchester,Jamaica,TOP RATED AUTOMOTIVE LTD,,"Honda Vezel RS 1,5L 2020 - JA$ 3,690,000 - Manchester - Today",https://cdn2.jacars.net/media/cache/1a/25/1a250679b069faa88eaebbf2d3c59c7f.webp|https://cdn2.jacars.net/media/cache/56/0d/560ddcbddf8539ad1738a43afe88aeeb.webp|https://cdn2.jacars.net/media/cache/6c/7a/6c7afd5770c6c089a0497b6f4e654e74.webp|https://cdn2.jacars.net/media/cache/98/ff/98fffe13ff123acc7a206434053cede6.webp|https://cdn2.jacars.net/media/cache/8a/11/8a11fcd1561ad84f154f5f67481704e0.webp|https://cdn2.jacars.net/media/cache/2a/5e/2a5ec8cfa02923e9ba25f904f1eae631.webp|https://cdn2.jacars.net/media/cache/5e/f3/5ef3e6f165bdea24187dabeadcf62918.webp|https://cdn2.jacars.net/media/cache/ad/c2/adc230037f5c6332bf4d304c60fbe796.webp|https://cdn2.jacars.net/media/cache/e2/16/e2162fb39ee432e5ed18bf6d6edf8478.webp|https://cdn2.jacars.net/media/cache/6e/28/6e28f7c45284ecbc697558c2cfb7e70c.webp|https://cdn2.jacars.net/media/cache/d7/d2/d7d2377bc9c74c70ea76284c55afbf4d.webp|https://cdn2.jacars.net/media/cache/f2/a8/f2a87f60252f1027d3cf03f8ed3ca1e2.webp|https://cdn2.jacars.net/media/cache/f7/df/f7df8ebf9d35bd932618feaca440cb5b.webp,JACars Vehicles,/adv/2495810_honda-vezel-rs-1-5l-2020/,2026-05-05T19:59:25.484Z,Honda,Vezel RS,,2020,used,,,,"{""sourceDate"":""Today"",""parser"":""jacars""}"
jacars-2510743,pending,vehicles,vehicles,cars,"Mazda Biante 1,8L 2013","JA$ 1,280,000",1280000,JMD,Kingston,Jamaica,Morris & Wright Auto Ltd,,"Mazda Biante 1,8L 2013 - JA$ 1,280,000 - Kingston - Yesterday",https://cdn2.jacars.net/media/cache/3d/5e/3d5e8df3b2602ef98e4d10d7d53af0c9.webp|https://cdn2.jacars.net/media/cache/f2/52/f25226b8562e7d3892ed13219ef336b3.webp|https://cdn2.jacars.net/media/cache/59/98/5998fb7da689c07fb38747e4ae3d3a92.webp|https://cdn2.jacars.net/media/cache/5c/4f/5c4f45525ba2dffe24318e78d0f4ff1e.webp|https://cdn2.jacars.net/media/cache/7d/fa/7dfa07071f51831872213553d2537762.webp|https://cdn2.jacars.net/media/cache/f9/aa/f9aaac87499c7ef7aa7ca284106b6d3c.webp|https://cdn2.jacars.net/media/cache/fa/20/fa204eb3091d10ad708ac936618f67fc.webp|https://cdn2.jacars.net/media/cache/19/c1/19c1c1dc6236208ea19ae0017ec42c44.webp|https://cdn2.jacars.net/media/cache/d3/94/d394951a3d6f35e66483dc7f04b0fefe.webp|https://cdn2.jacars.net/media/cache/f2/0e/f20e7be0e96bc64f2a1746aacf2ff732.webp|https://cdn2.jacars.net/media/cache/c7/48/c7483f971eae177ccea1423b36e9be1d.webp|https://cdn2.jacars.net/media/cache/7a/a7/7aa75d14699d3db2318c3e81efd28d4b.webp|https://cdn2.jacars.net/media/cache/3e/26/3e2667518ba966f2adbab566098b9748.webp,JACars Vehicles,/adv/2510743_2013-mazda-biante/,2026-05-05T19:59:25.484Z,Mazda,Biante,,2013,used,,,,"{""sourceDate"":""Yesterday"",""parser"":""jacars""}"
jacars-2510914,pending,vehicles,vehicles,cars,"Subaru G4 2,0L 2018","JA$ 1,850,000",1850000,JMD,Saint Ann,Jamaica,JACars Vehicles,,"Subaru G4 2,0L 2018 - JA$ 1,850,000 - Saint Ann - Yesterday",https://cdn2.jacars.net/media/cache/5d/91/5d919fd33887a4e07a675289ee020498.webp|https://cdn2.jacars.net/media/cache/d1/35/d13557521a9825927a423bc27fd72c48.webp|https://cdn2.jacars.net/media/cache/54/bd/54bd15560b1f7df33f28bcc32ce6bef1.webp|https://cdn2.jacars.net/media/cache/cc/2a/cc2a3bab6b6e538e968107a20570de45.webp|https://cdn2.jacars.net/media/cache/c5/9f/c59f4f2805a0da725e13648a52321fb6.webp|https://cdn2.jacars.net/media/cache/54/b0/54b02aac955befad0c326361471300e5.webp|https://cdn2.jacars.net/media/cache/97/77/97772498c5fed90b2cbbec706e1a9636.webp|https://cdn2.jacars.net/media/cache/79/ac/79ac2b8e94b06f05681cf95af89f2ca8.webp|https://cdn2.jacars.net/media/cache/c9/94/c9948f99e048c9c7515fd96b1238ff88.webp|https://cdn2.jacars.net/media/cache/d0/48/d0481464caa96b2ffb0925c13e1cb233.webp,JACars Vehicles,/adv/2510914_subaru-g4-2-0l-2018/,2026-05-05T19:59:25.484Z,Subaru,G4,,2018,used,,,,"{""sourceDate"":""Yesterday"",""parser"":""jacars""}"
jacars-2510906,pending,vehicles,vehicles,cars,"BMW 4-Series 2,0L 2016","JA$ 2,200,000",2200000,JMD,Saint James,Jamaica,JACars Vehicles,,"BMW 4-Series 2,0L 2016 - JA$ 2,200,000 - Saint James - Yesterday",https://cdn2.jacars.net/media/cache/2b/e0/2be05c6fd30ea7114b7e3919d1bbae4a.webp|https://cdn2.jacars.net/media/cache/58/f0/58f0a1839f1b586a4b6a2d2b20663d05.webp|https://cdn2.jacars.net/media/cache/2b/6e/2b6ea666929e19d38ce1683159ffcb69.webp|https://cdn2.jacars.net/media/cache/d2/ed/d2ed97dd801802e63489ac1734222826.webp|https://cdn2.jacars.net/media/cache/ca/54/ca548ce3e2a90ab38b83eb8fc934fa65.webp|https://cdn2.jacars.net/media/cache/fe/8e/fe8e98780e8302e845101c9b01310df2.webp|https://cdn2.jacars.net/media/cache/51/92/51922c31fdd8eaa936335228e705d9d4.webp|https://cdn2.jacars.net/media/cache/63/44/63448402f2676e66a57ce5f1d3acdd18.webp|https://cdn2.jacars.net/media/cache/e0/17/e01735bae907584544264f0f384e4bc7.webp|https://cdn2.jacars.net/media/cache/0a/e2/0ae2b6a426d99d4aec5c01b552cddc15.webp,JACars Vehicles,/adv/2510906_bmw-4-series-2-0l-2016/,2026-05-05T19:59:25.484Z,BMW,4-Series,,2016,used,,,,"{""sourceDate"":""Yesterday"",""parser"":""jacars""}"
jacars-2510866,pending,vehicles,vehicles,cars,"Audi Q3 1,4L 2017","JA$ 3,000,000",3000000,JMD,Kingston,Jamaica,JACars Vehicles,,"Audi Q3 1,4L 2017 - JA$ 3,000,000 - Kingston - Yesterday",https://cdn2.jacars.net/media/cache/ec/4d/ec4df27daf70cee74244423e7e931651.webp|https://cdn2.jacars.net/media/cache/3a/4f/3a4f553de109108ead4059f49f821b1e.webp|https://cdn2.jacars.net/media/cache/82/69/8269c68b2b18a70ed83f1d7e5fe5f824.webp|https://cdn2.jacars.net/media/cache/57/11/5711ee473525826598704623529bd835.webp|https://cdn2.jacars.net/media/cache/21/a7/21a7b926c36b0145ab848b7adb8e360b.webp,JACars Vehicles,/adv/2510866_audi-q3-1-4l-2017/,2026-05-05T19:59:25.484Z,Audi,Q3,,2017,used,,,,"{""sourceDate"":""Yesterday"",""parser"":""jacars""}"
jacars-2510945,pending,vehicles,vehicles,cars,"BMW X3 3,0L 2024","JA$ 6,999,000",6999000,JMD,Kingston,Jamaica,JACars Vehicles,,"BMW X3 3,0L 2024 - JA$ 6,999,000 - Kingston - Today",https://cdn2.jacars.net/media/cache/0f/7e/0f7e8f8ce6404fb2a9601772f77c1d23.webp|https://cdn2.jacars.net/media/cache/91/ed/91ed60b37282369a44b74b96281a96ec.webp|https://cdn2.jacars.net/media/cache/0e/b2/0eb29187a5386b664c8d934f6241d732.webp|https://cdn2.jacars.net/media/cache/d4/91/d491b8dada2251fc0ac8413712f74799.webp|https://cdn2.jacars.net/media/cache/a4/4c/a44c4e8927b603fc4965646bc7c8543e.webp|https://cdn2.jacars.net/media/cache/c6/b3/c6b3cbad22827e662c47079d6af9a095.webp,JACars Vehicles,/adv/2510945_bmw-x3-3-0l-2024/,2026-05-05T19:59:25.483Z,BMW,X3,,2024,used,,,,"{""sourceDate"":""Today"",""parser"":""jacars""}"
jacars-2510942,pending,vehicles,vehicles,cars,"Toyota Voxy 2,0L 2016","JA$ 2,999,999",2999999,JMD,Manchester,Jamaica,White Line Auto Hub,,"Toyota Voxy 2,0L 2016 - JA$ 2,999,999 - Manchester - Today",https://cdn2.jacars.net/media/cache/30/ea/30eadb40cb1067c3109de8af422489cf.webp|https://cdn2.jacars.net/media/cache/a5/00/a50008970ff2f2b649fb852e281addf8.webp|https://cdn2.jacars.net/media/cache/89/c3/89c37b5f76d25cca89b42b4af2a10a7c.webp|https://cdn2.jacars.net/media/cache/af/73/af73a7bcf1bde12b93c3ce5a250484f1.webp|https://cdn2.jacars.net/media/cache/53/ab/53ab534ff252bec10d457d69f18990e3.webp|https://cdn2.jacars.net/media/cache/0c/f0/0cf09b88308f17f1aa0fe086f11c1502.webp|https://cdn2.jacars.net/media/cache/e2/64/e2641c9b9887bdc5fbaadc6c6e3a9015.webp|https://cdn2.jacars.net/media/cache/54/dd/54ddccb4fa50db682a855cc1dfab5db5.webp|https://cdn2.jacars.net/media/cache/36/03/36033eb6e6eb79d3bff197ab2867f53c.webp|https://cdn2.jacars.net/media/cache/d1/86/d186b19077b562ae5b24d0f064168f90.webp|https://cdn2.jacars.net/media/cache/6f/a6/6fa6568df51a33fe141cbe568f9e6593.webp|https://cdn2.jacars.net/media/cache/ef/3b/ef3b3a4adb61c70d458f19c7872fa64a.webp|https://cdn2.jacars.net/media/cache/70/04/70042ee34258e3e7fac762227157c71d.webp|https://cdn2.jacars.net/media/cache/23/12/23126c15c0ee28e2fea8a8235ae4ad31.webp|https://cdn2.jacars.net/media/cache/86/f9/86f9e5093e63e56daa4540c5c94fb60b.webp|https://cdn2.jacars.net/media/cache/61/05/610517eb893f9dc923e2f3724a187cd0.webp|https://cdn2.jacars.net/media/cache/32/c9/32c94553d3ec8be9537256b10317b289.webp|https://cdn2.jacars.net/media/cache/b7/c1/b7c19ac528c7706a874110d1271ae904.webp|https://cdn2.jacars.net/media/cache/6b/7e/6b7ee97f9162c9fffdc776c47962fe5e.webp|https://cdn2.jacars.net/media/cache/6a/d5/6ad5db69d40232be69a49bc75779d85d.webp|https://cdn2.jacars.net/media/cache/8e/6d/8e6d8a0d15f9e9ec81f5f558670f3229.webp|https://cdn2.jacars.net/media/cache/c6/c7/c6c73c6f16bad5464330f2d4c8c66be7.webp|https://cdn2.jacars.net/media/cache/5f/58/5f58c04c5388957f349660253deddd6b.webp|https://cdn2.jacars.net/media/cache/95/b6/95b6edf7fb7568569d6c99e82875d2d5.webp|https://cdn2.jacars.net/media/cache/4b/1e/4b1ed7dbf8dd9ad29b2df2d34ef72d35.webp|https://cdn2.jacars.net/media/cache/23/20/2320a7d8a81ee62ee8dd8eec36b6fffb.webp|https://cdn2.jacars.net/media/cache/47/cd/47cdedfdc7befaa2a3b09a85dbbb9ec3.webp|https://cdn2.jacars.net/media/cache/ae/59/ae59216851a18dcce785449085a99328.webp,JACars Vehicles,/adv/2510942_toyota-voxy-2-0l-2016/,2026-05-05T19:59:25.483Z,Toyota,Voxy,,2016,used,,,,"{""sourceDate"":""Today"",""parser"":""jacars""}"
jacars-2505195,pending,vehicles,vehicles,cars,"BMW X6 3,0L 2017","JA$ 6,200,000",6200000,JMD,Saint Andrew,Jamaica,Jam One Auto Sales Company Ltd,,"BMW X6 3,0L 2017 - JA$ 6,200,000 - Saint Andrew - Today",https://cdn2.jacars.net/media/cache/18/c4/18c4e16ea240728227654df500717c78.webp|https://cdn2.jacars.net/media/cache/51/59/5159cf713ec7dad9177bc5333def689e.webp|https://cdn2.jacars.net/media/cache/ce/22/ce229820208eb6fac3f039ac45565e9d.webp|https://cdn2.jacars.net/media/cache/94/27/9427a9d3923c844056c2c5b99b1ab280.webp|https://cdn2.jacars.net/media/cache/49/7a/497a3d08a6e2db8aa67695a59b0d9528.webp|https://cdn2.jacars.net/media/cache/39/4b/394b8502efcd9646e883a8d8bc2bcc63.webp|https://cdn2.jacars.net/media/cache/d6/5d/d65de52d690891c261ea921e39bf9e0f.webp|https://cdn2.jacars.net/media/cache/fc/ac/fcacc3f11129d634d34c16784e9bdff1.webp|https://cdn2.jacars.net/media/cache/b1/ea/b1ea549d546042544c92e0f5d070bbce.webp|https://cdn2.jacars.net/media/cache/f7/f5/f7f50c39e0f9bc3ab4f095bbb15ebba8.webp,JACars Vehicles,/adv/2505195_bmw-x6-3-0l-2017/,2026-05-05T19:59:25.483Z,BMW,X6,,2017,used,,,,"{""sourceDate"":""Today"",""parser"":""jacars""}"
jacars-2510930,pending,vehicles,vehicles,cars,"Mazda Premacy 2,0L 2013","JA$ 800,000",800000,JMD,Kingston,Jamaica,JACars Vehicles,,"Mazda Premacy 2,0L 2013 - JA$ 800,000 - Kingston - Today",https://cdn2.jacars.net/media/cache/80/aa/80aa5def48d94c66a5dee5d96b687f52.webp|https://cdn2.jacars.net/media/cache/9a/3a/9a3af2f456c153aea668fd2aaeeb7e7c.webp|https://cdn2.jacars.net/media/cache/87/b8/87b8be59c991d3c7c21a49a3baa760b0.webp|https://cdn2.jacars.net/media/cache/7e/4f/7e4f993f405f1f4d669fff9046992a59.webp|https://cdn2.jacars.net/media/cache/8b/3e/8b3e9ca70a5efd94dbd13e1c65adf1f4.webp|https://cdn2.jacars.net/media/cache/58/62/5862b4e15c60913fa24cb5c441651a40.webp|https://cdn2.jacars.net/media/cache/d2/16/d216b3a35b6d3aa8ee4642581c5e905f.webp|https://cdn2.jacars.net/media/cache/da/76/da76e4543cb53ab64c0eceff0e31472a.webp|https://cdn2.jacars.net/media/cache/e7/fc/e7fc3d41c8337de2ef521d414c1b05b6.webp|https://cdn2.jacars.net/media/cache/c7/b2/c7b269c8c9670e023632213c7f459e4e.webp|https://cdn2.jacars.net/media/cache/bc/80/bc802de99cf1a8d767c42b4d18cbe8d4.webp|https://cdn2.jacars.net/media/cache/84/a7/84a7dfc0c7ea4092893b0f20617d54e7.webp|https://cdn2.jacars.net/media/cache/c2/49/c24925e6618a4d24899df4ccb28c95d8.webp|https://cdn2.jacars.net/media/cache/f3/f0/f3f01174bf12372c21e54feaf48eaf4d.webp,JACars Vehicles,/adv/2510930_mazda-premacy-2-0l-2013/,2026-05-05T19:59:25.483Z,Mazda,Premacy,,2013,used,,,,"{""sourceDate"":""Today"",""parser"":""jacars""}"
jacars-2510899,pending,vehicles,vehicles,cars,"Honda CR-V 2,0L 2019","JA$ 5,050,000",5050000,JMD,Manchester,Jamaica,DL Automotives,,"Honda CR-V 2,0L 2019 - JA$ 5,050,000 - Manchester - Today",https://cdn2.jacars.net/media/cache/28/f8/28f85e925a19c66cc1039146873d8d9f.webp|https://cdn2.jacars.net/media/cache/97/1d/971d20c2bc753f90344895be069769a4.webp|https://cdn2.jacars.net/media/cache/ea/69/ea69e5a12223a370d638dc263aa4ab8b.webp|https://cdn2.jacars.net/media/cache/b9/9e/b99e53affa377089f10dc769508a2c09.webp|https://cdn2.jacars.net/media/cache/10/21/102132f8fb1edc1d30c0e34ed75dc1d6.webp|https://cdn2.jacars.net/media/cache/58/7b/587b7749556eda165ac34aabc2e9c883.webp|https://cdn2.jacars.net/media/cache/50/5f/505f52187667c4492d0d1c98361a7786.webp|https://cdn2.jacars.net/media/cache/0e/d3/0ed3889549d4dfd41f5b48f58842ce8b.webp|https://cdn2.jacars.net/media/cache/38/a2/38a2ae53f40727fd2bf0866b9e9347e1.webp|https://cdn2.jacars.net/media/cache/6d/cc/6dccc72973832e07f6e8170ef2f23f19.webp,JACars Vehicles,/adv/2510899_honda-cr-v-2-0l-2019/,2026-05-05T19:59:25.482Z,Honda,CR-V,,2019,used,,,,"{""sourceDate"":""Today"",""parser"":""jacars""}"
jacars-2510961,pending,vehicles,vehicles,cars,"BMW X6 3,0L 2022","JA$ 14,000,000",14000000,JMD,Saint James,Jamaica,JACars Vehicles,,"BMW X6 3,0L 2022 - JA$ 14,000,000 - Saint James - Today",https://cdn2.jacars.net/media/cache/90/f4/90f4915cc7d1c972f41158c1f4d7cd02.webp|https://cdn2.jacars.net/media/cache/89/58/895827f59b1c6396c2bedb155a1b5e46.webp|https://cdn2.jacars.net/media/cache/cb/cc/cbccf405ebbcfca29acc0c4b2a2de909.webp|https://cdn2.jacars.net/media/cache/92/ea/92ea4f179bcc74fb35863d40f59243b2.webp|https://cdn2.jacars.net/media/cache/ad/f7/adf7bc0740f766cbe831b017c96ae900.webp|https://cdn2.jacars.net/media/cache/f1/57/f157a7570001517f935dd8f5c82c88af.webp|https://cdn2.jacars.net/media/cache/56/50/565014d0d6f9dfbb2ed7955078f17d92.webp|https://cdn2.jacars.net/media/cache/74/5d/745dc938f3648e7b780b2cb2318c35cf.webp|https://cdn2.jacars.net/media/cache/fc/5c/fc5cca80d364fa5a8034facec71454a6.webp|https://cdn2.jacars.net/media/cache/c6/30/c630542eddbb951b373360f848c1b522.webp|https://cdn2.jacars.net/media/cache/ac/a6/aca640ad26a16bfcc4977e5b343f02c7.webp|https://cdn2.jacars.net/media/cache/84/ac/84ac7dcbed1c09a64672bdb1a7786b6f.webp|https://cdn2.jacars.net/media/cache/22/d6/22d6d5976d1fb0689d6cc303f6a8f094.webp,JACars Vehicles,/adv/2510961_bmw-x6-3-0l-2022/,2026-05-05T19:59:25.482Z,BMW,X6,,2022,used,,,,"{""sourceDate"":""Today"",""parser"":""jacars""}"
jacars-2510957,pending,vehicles,vehicles,cars,"Mitsubishi Evolution 2,0L 1998","JA$ 3,800,000",3800000,JMD,Saint Ann,Jamaica,JACars Vehicles,,"Mitsubishi Evolution 2,0L 1998 - JA$ 3,800,000 - Saint Ann - Today",https://cdn2.jacars.net/media/cache/f3/01/f301006a3bce5da97ab0b8d2c2c00255.webp|https://cdn2.jacars.net/media/cache/be/3e/be3e568560fa1065f10726acae77c971.webp|https://cdn2.jacars.net/media/cache/9b/95/9b9520a44d82df548fe95d1d9325a544.webp|https://cdn2.jacars.net/media/cache/a4/b7/a4b7cdbe77dde1a944a7109a5ca86427.webp|https://cdn2.jacars.net/media/cache/b9/94/b9949fdf5f3aa23cdf04a7ab65641496.webp|https://cdn2.jacars.net/media/cache/9e/a5/9ea55009fbc8666df078f019c583f362.webp|https://cdn2.jacars.net/media/cache/a0/3d/a03d66ea9163e367c80fb0bf8b36af6f.webp|https://cdn2.jacars.net/media/cache/86/8b/868b951ccbb5fd19cf53c2665e460f88.webp|https://cdn2.jacars.net/media/cache/af/1f/af1fefd3a5ce730ed2a791ebe76d9826.webp,JACars Vehicles,/adv/2510957_mitsubishi-evolution-2-0l-1998/,2026-05-05T19:59:25.482Z,Mitsubishi,Evolution,,1998,used,,,,"{""sourceDate"":""Today"",""parser"":""jacars""}"
jacars-2510180,pending,vehicles,vehicles,cars,"Suzuki Swift 1,2L 2018","JA$ 1,480,000",1480000,JMD,Kingston,Jamaica,Andre,,"Suzuki Swift 1,2L 2018 - JA$ 1,480,000 - Kingston - Today",https://cdn2.jacars.net/media/cache/c0/e7/c0e70619d9e87271bff740c04b6c5b17.webp|https://cdn2.jacars.net/media/cache/59/ac/59ac68bb7eb73def1d174bf0b4f8fd98.webp|https://cdn2.jacars.net/media/cache/9f/af/9faf069697694ca63707a8e2037b18c4.webp|https://cdn2.jacars.net/media/cache/55/82/5582ef73e255b415fd46f291243a0a7a.webp|https://cdn2.jacars.net/media/cache/5f/8e/5f8e642d360184382e3ca1e65f2689b7.webp|https://cdn2.jacars.net/media/cache/22/4b/224b5c023e4e297f8283f35353c35ed7.webp|https://cdn2.jacars.net/media/cache/b9/de/b9deca010ed82d4267132e775cb3c9be.webp|https://cdn2.jacars.net/media/cache/0e/3a/0e3a6969978309305387ca3a3a4f2d71.webp|https://cdn2.jacars.net/media/cache/1b/94/1b94cd8ce1b7fa71f700e9d3c5c89c0c.webp|https://cdn2.jacars.net/media/cache/81/58/81589f774d86e81543a32c07aa3ae6f2.webp|https://cdn2.jacars.net/media/cache/c6/ed/c6ed8392861a682b8103f85c6ffd713f.webp|https://cdn2.jacars.net/media/cache/50/bb/50bb05f17117fb53c6104c565fc474a4.webp|https://cdn2.jacars.net/media/cache/78/0f/780f1670da37c9b15b09d45adfddf13f.webp,JACars Vehicles,/adv/2510180_suzuki-swift-1-2l-2018/,2026-05-05T19:59:25.481Z,Suzuki,Swift,,2018,used,,,,"{""sourceDate"":""Today"",""parser"":""jacars""}"
jacars-2510902,pending,vehicles,vehicles,cars,"Toyota Mark X 2,5L 2016","JA$ 3,600,000",3600000,JMD,Manchester,Jamaica,DL Automotives,,"Toyota Mark X 2,5L 2016 - JA$ 3,600,000 - Manchester - Today",https://cdn2.jacars.net/media/cache/76/bb/76bb9a1363aa781976bf36d375fa0fd5.webp|https://cdn2.jacars.net/media/cache/82/72/82722008c1dfaa8b6c859ee9fc9d8136.webp|https://cdn2.jacars.net/media/cache/e6/87/e687b696c8b6a05723cfb02930433dd2.webp|https://cdn2.jacars.net/media/cache/9f/76/9f76832a8961172ed217047f977cbbaf.webp|https://cdn2.jacars.net/media/cache/f9/10/f9103ab03415f10b57c247434c0c8e9f.webp|https://cdn2.jacars.net/media/cache/32/2b/322ba7dd2c05b99dfc4165aec57c926b.webp|https://cdn2.jacars.net/media/cache/94/80/9480a1165ea36b708753fb172b02e42b.webp|https://cdn2.jacars.net/media/cache/d0/41/d041395af3537d6ea5d67869f9e9acce.webp|https://cdn2.jacars.net/media/cache/4f/4a/4f4a1f2f19a9abc88da943826616f374.webp|https://cdn2.jacars.net/media/cache/5d/4d/5d4d027dfe49c4df5f7806613cef1c42.webp|https://cdn2.jacars.net/media/cache/d2/c5/d2c5f7f4f9be7a79c9f4dad2aaeffe12.webp|https://cdn2.jacars.net/media/cache/f1/9a/f19afe7cf0fca440d50659b0c2fa2ae1.webp|https://cdn2.jacars.net/media/cache/de/aa/deaa52f3bdc8ce4bedf9a36fe8207e7e.webp|https://cdn2.jacars.net/media/cache/6d/cc/6dccc72973832e07f6e8170ef2f23f19.webp,JACars Vehicles,/adv/2510902_toyota-mark-x-2-5l-2016/,2026-05-05T19:59:25.481Z,Toyota,Mark X,,2016,used,,,,"{""sourceDate"":""Today"",""parser"":""jacars""}"
jacars-2510901,pending,vehicles,vehicles,cars,"BMW 3-Series 2,0L 2017","JA$ 3,050,000",3050000,JMD,Manchester,Jamaica,DL Automotives,,"BMW 3-Series 2,0L 2017 - JA$ 3,050,000 - Manchester - Today",https://cdn2.jacars.net/media/cache/03/bd/03bdc4ceb57f0915921d45494908299d.webp|https://cdn2.jacars.net/media/cache/6f/06/6f068a05f849ec5e5f405d49b9b8697c.webp|https://cdn2.jacars.net/media/cache/58/4c/584c7b9b624fd5088241c234014224eb.webp|https://cdn2.jacars.net/media/cache/d8/a0/d8a0d80268f75b4dbe811954edbffaca.webp|https://cdn2.jacars.net/media/cache/2b/59/2b59e642cb17eb21b032753d4e774094.webp|https://cdn2.jacars.net/media/cache/9f/41/9f4104a58f938acbd9499d8cdda91680.webp|https://cdn2.jacars.net/media/cache/a5/a4/a5a44d22c578487a1f2dcc917e07702d.webp|https://cdn2.jacars.net/media/cache/b6/be/b6be48da000bf7ba1b3c848d094edd9d.webp|https://cdn2.jacars.net/media/cache/0a/a6/0aa6658091ec426a8aa328201d4abc0b.webp|https://cdn2.jacars.net/media/cache/7b/1b/7b1b21b22bab1a49be52ae9a733e2564.webp|https://cdn2.jacars.net/media/cache/1e/0d/1e0d0f0e24a3e2effce080292cc30558.webp|https://cdn2.jacars.net/media/cache/8e/10/8e1078bfa01e06ee8e594534cf09f22d.webp|https://cdn2.jacars.net/media/cache/6d/cc/6dccc72973832e07f6e8170ef2f23f19.webp,JACars Vehicles,/adv/2510901_bmw-3-series-2-0l-2017/,2026-05-05T19:59:25.481Z,BMW,3-Series,,2017,used,,,,"{""sourceDate"":""Today"",""parser"":""jacars""}"
jacars-2510989,pending,vehicles,vehicles,cars,"Toyota Mark X 2,5L 2015","JA$ 3,290,000",3290000,JMD,Saint James,Jamaica,Sanari Auto,,"Toyota Mark X 2,5L 2015 - JA$ 3,290,000 - Saint James - Today",https://cdn2.jacars.net/media/cache/a3/9e/a39eed39929a263ca45de7d6073c0bac.webp|https://cdn2.jacars.net/media/cache/f0/72/f0720123d88bf6230516bd9ac61207eb.webp|https://cdn2.jacars.net/media/cache/b8/bf/b8bf02c47d07756758b31a1e4b6d5682.webp|https://cdn2.jacars.net/media/cache/6a/d0/6ad060e7f77f3d33198bc4c98fa4cbc6.webp|https://cdn2.jacars.net/media/cache/e6/6a/e66add3065d7e99a9829fb98c8231b57.webp|https://cdn2.jacars.net/media/cache/c1/23/c123708ad7961246964d16ca7331a5d9.webp|https://cdn2.jacars.net/media/cache/f4/00/f400cf4395ee3116eb05e4c548ccbec1.webp|https://cdn2.jacars.net/media/cache/0c/cc/0ccc58733e2f08ccaf11e1aff678b54b.webp|https://cdn2.jacars.net/media/cache/dd/78/dd7834879ffa2b77e5227478cf6009c2.webp|https://cdn2.jacars.net/media/cache/55/10/5510c488f32cbec6c7ddb68ea0ef2974.webp,JACars Vehicles,/adv/2510989_toyota-mark-x-2-5l-2015/,2026-05-05T19:59:25.480Z,Toyota,Mark X,,2015,used,,,,"{""sourceDate"":""Today"",""parser"":""jacars""}"
jacars-2510134,pending,vehicles,vehicles,cars,"Honda Insight 1,4L 2020","JA$ 3,400,000 JA$ 3,650,000",34000003650000,JMD,Kingston,Jamaica,JACars Vehicles,,"Honda Insight 1,4L 2020 - JA$ 3,400,000 JA$ 3,650,000 - Kingston - Today",https://cdn2.jacars.net/media/cache/47/0b/470b400dadfea65dbb13ac852b760ae5.webp|https://cdn2.jacars.net/media/cache/d0/9e/d09ed94e1e192841b585e0746d854da2.webp|https://cdn2.jacars.net/media/cache/57/b6/57b69e9a0da01c91a36bcbbfe5fde08c.webp|https://cdn2.jacars.net/media/cache/87/0b/870bf4c8a33232a9bdd0972fc6a0b59c.webp|https://cdn2.jacars.net/media/cache/3c/d8/3cd82816bc2d9cd632e51312cac0be5a.webp|https://cdn2.jacars.net/media/cache/cc/ea/ccea520f09ea1ada8ba42827e11b8e34.webp|https://cdn2.jacars.net/media/cache/a5/e5/a5e5beb317d6d33ef18ad90057eba14d.webp|https://cdn2.jacars.net/media/cache/01/2c/012c09d8bf1a2a867a8df2204183c6a3.webp|https://cdn2.jacars.net/media/cache/4f/e4/4fe482cfd0131a4eb9c4ae1aa402df14.webp|https://cdn2.jacars.net/media/cache/2b/b6/2bb6862a15c1ed25ad55478a18bfc4d7.webp|https://cdn2.jacars.net/media/cache/3c/b7/3cb7ed82effc27303bd7527e210acce9.webp|https://cdn2.jacars.net/media/cache/79/4a/794a2afa811fe1f156c1531e0c65fd44.webp|https://cdn2.jacars.net/media/cache/04/ac/04acb5ee8090d44528a6780005b05183.webp|https://cdn2.jacars.net/media/cache/34/5c/345c0edbf70627c585f85314fbe9aa67.webp,JACars Vehicles,/adv/2510134_honda-insight-1-4l-2020/,2026-05-05T19:59:25.480Z,Honda,Insight,,2020,used,,,,"{""sourceDate"":""Today"",""parser"":""jacars""}"
jacars-2506515,pending,vehicles,vehicles,cars,"BMW 3-Series 2,0L 2015","JA$ 2,330,000",2330000,JMD,Manchester,Jamaica,JACars Vehicles,,"BMW 3-Series 2,0L 2015 - JA$ 2,330,000 - Manchester - Today",https://cdn2.jacars.net/media/cache/09/10/091011f8c73f7041e6e7f8add7143277.webp|https://cdn2.jacars.net/media/cache/ea/87/ea87ce36bb85e4e371ad8adb5e4e77ad.webp|https://cdn2.jacars.net/media/cache/96/4b/964b4bbd8c8aa82c5db0f7995c298991.webp|https://cdn2.jacars.net/media/cache/04/9a/049ab386a340f8fa79ac6a372ebfab34.webp|https://cdn2.jacars.net/media/cache/8d/a6/8da648bfaf4da5a18e583e5bf320941a.webp|https://cdn2.jacars.net/media/cache/49/7a/497a102eb310ef6e9c37ab5d91e38071.webp|https://cdn2.jacars.net/media/cache/74/98/749843dc8a2d53ddb22d053d1a16000a.webp,JACars Vehicles,/adv/2506515_bmw-3-series-2-0l-2015/,2026-05-05T19:59:25.480Z,BMW,3-Series,,2015,used,,,,"{""sourceDate"":""Today"",""parser"":""jacars""}"
jacars-2509473,pending,vehicles,vehicles,cars,"Honda CR-V 1,5L 2017","JA$ 3,250,000",3250000,JMD,Kingston,Jamaica,JACars Vehicles,,"Honda CR-V 1,5L 2017 - JA$ 3,250,000 - Kingston - 3 hours ago",https://cdn2.jacars.net/media/cache/1c/ec/1cecdd7ba0d93036a8da3dd4b1b972bf.webp|https://cdn2.jacars.net/media/cache/25/b6/25b672dff651e7c06882f810df18cf23.webp|https://cdn2.jacars.net/media/cache/6b/c9/6bc9fff6b5f1ae4bf5159672e3a95b49.webp|https://cdn2.jacars.net/media/cache/e5/34/e534cda89005bfb56c136fd9c8070947.webp|https://cdn2.jacars.net/media/cache/ac/e8/ace88c0042ca400f7c18d660fc6da081.webp|https://cdn2.jacars.net/media/cache/a8/2e/a82e34346a01385558c81fe374584e51.webp|https://cdn2.jacars.net/media/cache/cc/43/cc4363958003027e60d927ea29baffac.webp|https://cdn2.jacars.net/media/cache/46/79/46794da2d133a787fc381f5bc2dd4fb7.webp|https://cdn2.jacars.net/media/cache/d9/75/d975ddb689b33623d3074d1603c2f7c4.webp|https://cdn2.jacars.net/media/cache/d5/42/d542e7f3acdbfa12bf1a40fb44233d6e.webp,JACars Vehicles,/adv/2509473_honda-cr-v-1-5l-2017/,2026-05-05T19:59:25.479Z,Honda,CR-V,,2017,used,,,,"{""sourceDate"":""3 hours ago"",""parser"":""jacars""}"
